article_id,parent_id,child_id,child_hub,taxonomy_version
KN-0001,KINH_NGHIEM,KN_HONDA_WAVE,/shop/cam-nang/chu-de/kn-honda-wave.html,1.0.0
AT-0001,AN_TOAN,AT_LUAT_XU_PHAT,/shop/cam-nang/chu-de/at-luat-xu-phat.html,1.0.0
XM-0001,XE_MAY,XM_HONDA_WAVE,/shop/cam-nang/chu-de/xm-honda-wave.html,1.0.0
DL-0001,DU_LICH,DL_HA_NOI_NOI_THANH,/shop/cam-nang/chu-de/dl-ha-noi-noi-thanh.html,1.0.0
CD-0001,CUNG_DUONG,CD_DONG_BAC_GAN,/shop/cam-nang/chu-de/cd-dong-bac-gan.html,1.0.0
HD-0001,HOI_DAP,HD_GIAY_TO_PHAP_LY,/shop/cam-nang/chu-de/hd-giay-to-phap-ly.html,1.0.0
KN-0002,KINH_NGHIEM,KN_HONDA_WAVE,/shop/cam-nang/chu-de/kn-honda-wave.html,1.0.0
AT-0002,AN_TOAN,AT_LUAT_XU_PHAT,/shop/cam-nang/chu-de/at-luat-xu-phat.html,1.0.0
XM-0002,XE_MAY,XM_HONDA_WAVE,/shop/cam-nang/chu-de/xm-honda-wave.html,1.0.0
DL-0002,DU_LICH,DL_HA_NOI_NOI_THANH,/shop/cam-nang/chu-de/dl-ha-noi-noi-thanh.html,1.0.0
CD-0002,CUNG_DUONG,CD_DONG_BAC_GAN,/shop/cam-nang/chu-de/cd-dong-bac-gan.html,1.0.0
HD-0002,HOI_DAP,HD_GIAY_TO_PHAP_LY,/shop/cam-nang/chu-de/hd-giay-to-phap-ly.html,1.0.0
KN-0003,KINH_NGHIEM,KN_HONDA_WAVE,/shop/cam-nang/chu-de/kn-honda-wave.html,1.0.0
AT-0003,AN_TOAN,AT_LUAT_XU_PHAT,/shop/cam-nang/chu-de/at-luat-xu-phat.html,1.0.0
XM-0003,XE_MAY,XM_HONDA_WAVE,/shop/cam-nang/chu-de/xm-honda-wave.html,1.0.0
DL-0003,DU_LICH,DL_HA_NOI_NOI_THANH,/shop/cam-nang/chu-de/dl-ha-noi-noi-thanh.html,1.0.0
CD-0003,CUNG_DUONG,CD_DONG_BAC_GAN,/shop/cam-nang/chu-de/cd-dong-bac-gan.html,1.0.0
HD-0003,HOI_DAP,HD_GIAY_TO_PHAP_LY,/shop/cam-nang/chu-de/hd-giay-to-phap-ly.html,1.0.0
KN-0004,KINH_NGHIEM,KN_HONDA_WAVE,/shop/cam-nang/chu-de/kn-honda-wave.html,1.0.0
AT-0004,AN_TOAN,AT_LUAT_XU_PHAT,/shop/cam-nang/chu-de/at-luat-xu-phat.html,1.0.0
XM-0004,XE_MAY,XM_HONDA_WAVE,/shop/cam-nang/chu-de/xm-honda-wave.html,1.0.0
DL-0004,DU_LICH,DL_HA_NOI_NOI_THANH,/shop/cam-nang/chu-de/dl-ha-noi-noi-thanh.html,1.0.0
CD-0004,CUNG_DUONG,CD_DONG_BAC_GAN,/shop/cam-nang/chu-de/cd-dong-bac-gan.html,1.0.0
HD-0004,HOI_DAP,HD_GIAY_TO_PHAP_LY,/shop/cam-nang/chu-de/hd-giay-to-phap-ly.html,1.0.0
KN-0005,KINH_NGHIEM,KN_HONDA_WAVE,/shop/cam-nang/chu-de/kn-honda-wave.html,1.0.0
AT-0005,AN_TOAN,AT_LUAT_XU_PHAT,/shop/cam-nang/chu-de/at-luat-xu-phat.html,1.0.0
XM-0005,XE_MAY,XM_HONDA_WAVE,/shop/cam-nang/chu-de/xm-honda-wave.html,1.0.0
DL-0005,DU_LICH,DL_HA_NOI_NOI_THANH,/shop/cam-nang/chu-de/dl-ha-noi-noi-thanh.html,1.0.0
CD-0005,CUNG_DUONG,CD_DONG_BAC_GAN,/shop/cam-nang/chu-de/cd-dong-bac-gan.html,1.0.0
HD-0005,HOI_DAP,HD_GIAY_TO_PHAP_LY,/shop/cam-nang/chu-de/hd-giay-to-phap-ly.html,1.0.0
KN-0006,KINH_NGHIEM,KN_HONDA_WAVE,/shop/cam-nang/chu-de/kn-honda-wave.html,1.0.0
AT-0006,AN_TOAN,AT_LUAT_XU_PHAT,/shop/cam-nang/chu-de/at-luat-xu-phat.html,1.0.0
XM-0006,XE_MAY,XM_HONDA_WAVE,/shop/cam-nang/chu-de/xm-honda-wave.html,1.0.0
DL-0006,DU_LICH,DL_HA_NOI_NOI_THANH,/shop/cam-nang/chu-de/dl-ha-noi-noi-thanh.html,1.0.0
CD-0006,CUNG_DUONG,CD_DONG_BAC_GAN,/shop/cam-nang/chu-de/cd-dong-bac-gan.html,1.0.0
HD-0006,HOI_DAP,HD_GIAY_TO_PHAP_LY,/shop/cam-nang/chu-de/hd-giay-to-phap-ly.html,1.0.0
KN-0007,KINH_NGHIEM,KN_HONDA_WAVE,/shop/cam-nang/chu-de/kn-honda-wave.html,1.0.0
AT-0007,AN_TOAN,AT_LUAT_XU_PHAT,/shop/cam-nang/chu-de/at-luat-xu-phat.html,1.0.0
XM-0007,XE_MAY,XM_HONDA_WAVE,/shop/cam-nang/chu-de/xm-honda-wave.html,1.0.0
DL-0007,DU_LICH,DL_HA_NOI_NOI_THANH,/shop/cam-nang/chu-de/dl-ha-noi-noi-thanh.html,1.0.0
CD-0007,CUNG_DUONG,CD_DONG_BAC_GAN,/shop/cam-nang/chu-de/cd-dong-bac-gan.html,1.0.0
HD-0007,HOI_DAP,HD_GIAY_TO_PHAP_LY,/shop/cam-nang/chu-de/hd-giay-to-phap-ly.html,1.0.0
KN-0008,KINH_NGHIEM,KN_HONDA_WAVE,/shop/cam-nang/chu-de/kn-honda-wave.html,1.0.0
AT-0008,AN_TOAN,AT_KY_NANG_NANG_CAO,/shop/cam-nang/chu-de/at-ky-nang-nang-cao.html,1.0.0
XM-0008,XE_MAY,XM_HONDA_WAVE,/shop/cam-nang/chu-de/xm-honda-wave.html,1.0.0
DL-0008,DU_LICH,DL_HA_NOI_NOI_THANH,/shop/cam-nang/chu-de/dl-ha-noi-noi-thanh.html,1.0.0
CD-0008,CUNG_DUONG,CD_DONG_BAC_GAN,/shop/cam-nang/chu-de/cd-dong-bac-gan.html,1.0.0
HD-0008,HOI_DAP,HD_GIAY_TO_PHAP_LY,/shop/cam-nang/chu-de/hd-giay-to-phap-ly.html,1.0.0
KN-0009,KINH_NGHIEM,KN_HONDA_WAVE,/shop/cam-nang/chu-de/kn-honda-wave.html,1.0.0
AT-0009,AN_TOAN,AT_LUAT_XU_PHAT,/shop/cam-nang/chu-de/at-luat-xu-phat.html,1.0.0
XM-0009,XE_MAY,XM_HONDA_WAVE,/shop/cam-nang/chu-de/xm-honda-wave.html,1.0.0
DL-0009,DU_LICH,DL_HA_NOI_NOI_THANH,/shop/cam-nang/chu-de/dl-ha-noi-noi-thanh.html,1.0.0
CD-0009,CUNG_DUONG,CD_DONG_BAC_GAN,/shop/cam-nang/chu-de/cd-dong-bac-gan.html,1.0.0
HD-0009,HOI_DAP,HD_GIAY_TO_PHAP_LY,/shop/cam-nang/chu-de/hd-giay-to-phap-ly.html,1.0.0
KN-0010,KINH_NGHIEM,KN_HONDA_WAVE,/shop/cam-nang/chu-de/kn-honda-wave.html,1.0.0
AT-0010,AN_TOAN,AT_LUAT_XU_PHAT,/shop/cam-nang/chu-de/at-luat-xu-phat.html,1.0.0
XM-0010,XE_MAY,XM_HONDA_WAVE,/shop/cam-nang/chu-de/xm-honda-wave.html,1.0.0
DL-0010,DU_LICH,DL_HA_NOI_NOI_THANH,/shop/cam-nang/chu-de/dl-ha-noi-noi-thanh.html,1.0.0
CD-0010,CUNG_DUONG,CD_PHU_THO_VINH_PHUC,/shop/cam-nang/chu-de/cd-phu-tho-vinh-phuc.html,1.0.0
HD-0010,HOI_DAP,HD_GIAY_TO_PHAP_LY,/shop/cam-nang/chu-de/hd-giay-to-phap-ly.html,1.0.0
KN-0011,KINH_NGHIEM,KN_HONDA_WAVE,/shop/cam-nang/chu-de/kn-honda-wave.html,1.0.0
AT-0011,AN_TOAN,AT_LUAT_XU_PHAT,/shop/cam-nang/chu-de/at-luat-xu-phat.html,1.0.0
XM-0011,XE_MAY,XM_HONDA_WAVE,/shop/cam-nang/chu-de/xm-honda-wave.html,1.0.0
DL-0011,DU_LICH,DL_HA_NOI_NOI_THANH,/shop/cam-nang/chu-de/dl-ha-noi-noi-thanh.html,1.0.0
CD-0011,CUNG_DUONG,CD_PHU_THO_VINH_PHUC,/shop/cam-nang/chu-de/cd-phu-tho-vinh-phuc.html,1.0.0
HD-0011,HOI_DAP,HD_GIAY_TO_PHAP_LY,/shop/cam-nang/chu-de/hd-giay-to-phap-ly.html,1.0.0
KN-0012,KINH_NGHIEM,KN_HONDA_WAVE,/shop/cam-nang/chu-de/kn-honda-wave.html,1.0.0
AT-0012,AN_TOAN,AT_LUAT_XU_PHAT,/shop/cam-nang/chu-de/at-luat-xu-phat.html,1.0.0
XM-0012,XE_MAY,XM_HONDA_WAVE,/shop/cam-nang/chu-de/xm-honda-wave.html,1.0.0
DL-0012,DU_LICH,DL_HA_NOI_NOI_THANH,/shop/cam-nang/chu-de/dl-ha-noi-noi-thanh.html,1.0.0
CD-0012,CUNG_DUONG,CD_PHU_THO_VINH_PHUC,/shop/cam-nang/chu-de/cd-phu-tho-vinh-phuc.html,1.0.0
HD-0012,HOI_DAP,HD_GIAY_TO_PHAP_LY,/shop/cam-nang/chu-de/hd-giay-to-phap-ly.html,1.0.0
KN-0013,KINH_NGHIEM,KN_HONDA_WAVE,/shop/cam-nang/chu-de/kn-honda-wave.html,1.0.0
AT-0013,AN_TOAN,AT_LUAT_XU_PHAT,/shop/cam-nang/chu-de/at-luat-xu-phat.html,1.0.0
XM-0013,XE_MAY,XM_HONDA_WAVE,/shop/cam-nang/chu-de/xm-honda-wave.html,1.0.0
DL-0013,DU_LICH,DL_HA_NOI_NOI_THANH,/shop/cam-nang/chu-de/dl-ha-noi-noi-thanh.html,1.0.0
CD-0013,CUNG_DUONG,CD_PHU_THO_VINH_PHUC,/shop/cam-nang/chu-de/cd-phu-tho-vinh-phuc.html,1.0.0
HD-0013,HOI_DAP,HD_GIAY_TO_PHAP_LY,/shop/cam-nang/chu-de/hd-giay-to-phap-ly.html,1.0.0
KN-0014,KINH_NGHIEM,KN_HONDA_WAVE,/shop/cam-nang/chu-de/kn-honda-wave.html,1.0.0
AT-0014,AN_TOAN,AT_LUAT_XU_PHAT,/shop/cam-nang/chu-de/at-luat-xu-phat.html,1.0.0
XM-0014,XE_MAY,XM_HONDA_WAVE,/shop/cam-nang/chu-de/xm-honda-wave.html,1.0.0
DL-0014,DU_LICH,DL_HA_NOI_NOI_THANH,/shop/cam-nang/chu-de/dl-ha-noi-noi-thanh.html,1.0.0
CD-0014,CUNG_DUONG,CD_PHU_THO_VINH_PHUC,/shop/cam-nang/chu-de/cd-phu-tho-vinh-phuc.html,1.0.0
HD-0014,HOI_DAP,HD_GIAY_TO_PHAP_LY,/shop/cam-nang/chu-de/hd-giay-to-phap-ly.html,1.0.0
KN-0015,KINH_NGHIEM,KN_HONDA_WAVE,/shop/cam-nang/chu-de/kn-honda-wave.html,1.0.0
AT-0015,AN_TOAN,AT_LUAT_XU_PHAT,/shop/cam-nang/chu-de/at-luat-xu-phat.html,1.0.0
XM-0015,XE_MAY,XM_HONDA_WAVE,/shop/cam-nang/chu-de/xm-honda-wave.html,1.0.0
DL-0015,DU_LICH,DL_HA_NOI_NOI_THANH,/shop/cam-nang/chu-de/dl-ha-noi-noi-thanh.html,1.0.0
CD-0015,CUNG_DUONG,CD_PHU_THO_VINH_PHUC,/shop/cam-nang/chu-de/cd-phu-tho-vinh-phuc.html,1.0.0
HD-0015,HOI_DAP,HD_GIAY_TO_PHAP_LY,/shop/cam-nang/chu-de/hd-giay-to-phap-ly.html,1.0.0
KN-0016,KINH_NGHIEM,KN_HONDA_WAVE,/shop/cam-nang/chu-de/kn-honda-wave.html,1.0.0
AT-0016,AN_TOAN,AT_LUAT_XU_PHAT,/shop/cam-nang/chu-de/at-luat-xu-phat.html,1.0.0
XM-0016,XE_MAY,XM_HONDA_WAVE,/shop/cam-nang/chu-de/xm-honda-wave.html,1.0.0
DL-0016,DU_LICH,DL_HA_NOI_NOI_THANH,/shop/cam-nang/chu-de/dl-ha-noi-noi-thanh.html,1.0.0
CD-0016,CUNG_DUONG,CD_PHU_THO_VINH_PHUC,/shop/cam-nang/chu-de/cd-phu-tho-vinh-phuc.html,1.0.0
HD-0016,HOI_DAP,HD_GIAY_TO_PHAP_LY,/shop/cam-nang/chu-de/hd-giay-to-phap-ly.html,1.0.0
KN-0017,KINH_NGHIEM,KN_YAMAHA_SIRIUS,/shop/cam-nang/chu-de/kn-yamaha-sirius.html,1.0.0
AT-0017,AN_TOAN,AT_LUAT_XU_PHAT,/shop/cam-nang/chu-de/at-luat-xu-phat.html,1.0.0
XM-0017,XE_MAY,XM_HONDA_WAVE,/shop/cam-nang/chu-de/xm-honda-wave.html,1.0.0
DL-0017,DU_LICH,DL_HA_NOI_NOI_THANH,/shop/cam-nang/chu-de/dl-ha-noi-noi-thanh.html,1.0.0
CD-0017,CUNG_DUONG,CD_PHU_THO_VINH_PHUC,/shop/cam-nang/chu-de/cd-phu-tho-vinh-phuc.html,1.0.0
HD-0017,HOI_DAP,HD_GIAY_TO_PHAP_LY,/shop/cam-nang/chu-de/hd-giay-to-phap-ly.html,1.0.0
KN-0018,KINH_NGHIEM,KN_YAMAHA_SIRIUS,/shop/cam-nang/chu-de/kn-yamaha-sirius.html,1.0.0
AT-0018,AN_TOAN,AT_LUAT_XU_PHAT,/shop/cam-nang/chu-de/at-luat-xu-phat.html,1.0.0
XM-0018,XE_MAY,XM_HONDA_WAVE,/shop/cam-nang/chu-de/xm-honda-wave.html,1.0.0
DL-0018,DU_LICH,DL_HA_NOI_NOI_THANH,/shop/cam-nang/chu-de/dl-ha-noi-noi-thanh.html,1.0.0
CD-0018,CUNG_DUONG,CD_PHU_THO_VINH_PHUC,/shop/cam-nang/chu-de/cd-phu-tho-vinh-phuc.html,1.0.0
HD-0018,HOI_DAP,HD_GIAY_TO_PHAP_LY,/shop/cam-nang/chu-de/hd-giay-to-phap-ly.html,1.0.0
KN-0019,KINH_NGHIEM,KN_YAMAHA_SIRIUS,/shop/cam-nang/chu-de/kn-yamaha-sirius.html,1.0.0
AT-0019,AN_TOAN,AT_LUAT_XU_PHAT,/shop/cam-nang/chu-de/at-luat-xu-phat.html,1.0.0
XM-0019,XE_MAY,XM_HONDA_WAVE,/shop/cam-nang/chu-de/xm-honda-wave.html,1.0.0
DL-0019,DU_LICH,DL_HA_NOI_NOI_THANH,/shop/cam-nang/chu-de/dl-ha-noi-noi-thanh.html,1.0.0
CD-0019,CUNG_DUONG,CD_PHU_THO_VINH_PHUC,/shop/cam-nang/chu-de/cd-phu-tho-vinh-phuc.html,1.0.0
HD-0019,HOI_DAP,HD_GIAY_TO_PHAP_LY,/shop/cam-nang/chu-de/hd-giay-to-phap-ly.html,1.0.0
KN-0020,KINH_NGHIEM,KN_YAMAHA_SIRIUS,/shop/cam-nang/chu-de/kn-yamaha-sirius.html,1.0.0
AT-0020,AN_TOAN,AT_LUAT_XU_PHAT,/shop/cam-nang/chu-de/at-luat-xu-phat.html,1.0.0
XM-0020,XE_MAY,XM_HONDA_WAVE,/shop/cam-nang/chu-de/xm-honda-wave.html,1.0.0
DL-0020,DU_LICH,DL_HA_NOI_NOI_THANH,/shop/cam-nang/chu-de/dl-ha-noi-noi-thanh.html,1.0.0
CD-0020,CUNG_DUONG,CD_PHU_THO_VINH_PHUC,/shop/cam-nang/chu-de/cd-phu-tho-vinh-phuc.html,1.0.0
HD-0020,HOI_DAP,HD_GIAY_TO_PHAP_LY,/shop/cam-nang/chu-de/hd-giay-to-phap-ly.html,1.0.0
KN-0021,KINH_NGHIEM,KN_YAMAHA_SIRIUS,/shop/cam-nang/chu-de/kn-yamaha-sirius.html,1.0.0
AT-0021,AN_TOAN,AT_LUAT_XU_PHAT,/shop/cam-nang/chu-de/at-luat-xu-phat.html,1.0.0
XM-0021,XE_MAY,XM_YAMAHA_SIRIUS,/shop/cam-nang/chu-de/xm-yamaha-sirius.html,1.0.0
DL-0021,DU_LICH,DL_HA_NOI_NOI_THANH,/shop/cam-nang/chu-de/dl-ha-noi-noi-thanh.html,1.0.0
CD-0021,CUNG_DUONG,CD_PHU_THO_VINH_PHUC,/shop/cam-nang/chu-de/cd-phu-tho-vinh-phuc.html,1.0.0
HD-0021,HOI_DAP,HD_GIAY_TO_PHAP_LY,/shop/cam-nang/chu-de/hd-giay-to-phap-ly.html,1.0.0
KN-0022,KINH_NGHIEM,KN_YAMAHA_SIRIUS,/shop/cam-nang/chu-de/kn-yamaha-sirius.html,1.0.0
AT-0022,AN_TOAN,AT_LUAT_XU_PHAT,/shop/cam-nang/chu-de/at-luat-xu-phat.html,1.0.0
XM-0022,XE_MAY,XM_YAMAHA_SIRIUS,/shop/cam-nang/chu-de/xm-yamaha-sirius.html,1.0.0
DL-0022,DU_LICH,DL_HA_NOI_NOI_THANH,/shop/cam-nang/chu-de/dl-ha-noi-noi-thanh.html,1.0.0
CD-0022,CUNG_DUONG,CD_HOA_BINH_SON_LA,/shop/cam-nang/chu-de/cd-hoa-binh-son-la.html,1.0.0
HD-0022,HOI_DAP,HD_GIAY_TO_PHAP_LY,/shop/cam-nang/chu-de/hd-giay-to-phap-ly.html,1.0.0
KN-0023,KINH_NGHIEM,KN_YAMAHA_SIRIUS,/shop/cam-nang/chu-de/kn-yamaha-sirius.html,1.0.0
AT-0023,AN_TOAN,AT_LUAT_XU_PHAT,/shop/cam-nang/chu-de/at-luat-xu-phat.html,1.0.0
XM-0023,XE_MAY,XM_YAMAHA_SIRIUS,/shop/cam-nang/chu-de/xm-yamaha-sirius.html,1.0.0
DL-0023,DU_LICH,DL_HA_NOI_NOI_THANH,/shop/cam-nang/chu-de/dl-ha-noi-noi-thanh.html,1.0.0
CD-0023,CUNG_DUONG,CD_HOA_BINH_SON_LA,/shop/cam-nang/chu-de/cd-hoa-binh-son-la.html,1.0.0
HD-0023,HOI_DAP,HD_GIAY_TO_PHAP_LY,/shop/cam-nang/chu-de/hd-giay-to-phap-ly.html,1.0.0
KN-0024,KINH_NGHIEM,KN_YAMAHA_SIRIUS,/shop/cam-nang/chu-de/kn-yamaha-sirius.html,1.0.0
AT-0024,AN_TOAN,AT_LUAT_XU_PHAT,/shop/cam-nang/chu-de/at-luat-xu-phat.html,1.0.0
XM-0024,XE_MAY,XM_YAMAHA_SIRIUS,/shop/cam-nang/chu-de/xm-yamaha-sirius.html,1.0.0
DL-0024,DU_LICH,DL_HA_NOI_NOI_THANH,/shop/cam-nang/chu-de/dl-ha-noi-noi-thanh.html,1.0.0
CD-0024,CUNG_DUONG,CD_HOA_BINH_SON_LA,/shop/cam-nang/chu-de/cd-hoa-binh-son-la.html,1.0.0
HD-0024,HOI_DAP,HD_GIAY_TO_PHAP_LY,/shop/cam-nang/chu-de/hd-giay-to-phap-ly.html,1.0.0
KN-0025,KINH_NGHIEM,KN_YAMAHA_SIRIUS,/shop/cam-nang/chu-de/kn-yamaha-sirius.html,1.0.0
AT-0025,AN_TOAN,AT_LUAT_XU_PHAT,/shop/cam-nang/chu-de/at-luat-xu-phat.html,1.0.0
XM-0025,XE_MAY,XM_YAMAHA_SIRIUS,/shop/cam-nang/chu-de/xm-yamaha-sirius.html,1.0.0
DL-0025,DU_LICH,DL_HA_NOI_NOI_THANH,/shop/cam-nang/chu-de/dl-ha-noi-noi-thanh.html,1.0.0
CD-0025,CUNG_DUONG,CD_HOA_BINH_SON_LA,/shop/cam-nang/chu-de/cd-hoa-binh-son-la.html,1.0.0
HD-0025,HOI_DAP,HD_GIAY_TO_PHAP_LY,/shop/cam-nang/chu-de/hd-giay-to-phap-ly.html,1.0.0
KN-0026,KINH_NGHIEM,KN_YAMAHA_SIRIUS,/shop/cam-nang/chu-de/kn-yamaha-sirius.html,1.0.0
AT-0026,AN_TOAN,AT_LUAT_XU_PHAT,/shop/cam-nang/chu-de/at-luat-xu-phat.html,1.0.0
XM-0026,XE_MAY,XM_YAMAHA_SIRIUS,/shop/cam-nang/chu-de/xm-yamaha-sirius.html,1.0.0
DL-0026,DU_LICH,DL_HA_NOI_NOI_THANH,/shop/cam-nang/chu-de/dl-ha-noi-noi-thanh.html,1.0.0
CD-0026,CUNG_DUONG,CD_HOA_BINH_SON_LA,/shop/cam-nang/chu-de/cd-hoa-binh-son-la.html,1.0.0
HD-0026,HOI_DAP,HD_GIAY_TO_PHAP_LY,/shop/cam-nang/chu-de/hd-giay-to-phap-ly.html,1.0.0
KN-0027,KINH_NGHIEM,KN_YAMAHA_SIRIUS,/shop/cam-nang/chu-de/kn-yamaha-sirius.html,1.0.0
AT-0027,AN_TOAN,AT_LUAT_XU_PHAT,/shop/cam-nang/chu-de/at-luat-xu-phat.html,1.0.0
XM-0027,XE_MAY,XM_YAMAHA_SIRIUS,/shop/cam-nang/chu-de/xm-yamaha-sirius.html,1.0.0
DL-0027,DU_LICH,DL_HA_NOI_NOI_THANH,/shop/cam-nang/chu-de/dl-ha-noi-noi-thanh.html,1.0.0
CD-0027,CUNG_DUONG,CD_HOA_BINH_SON_LA,/shop/cam-nang/chu-de/cd-hoa-binh-son-la.html,1.0.0
HD-0027,HOI_DAP,HD_GIAY_TO_PHAP_LY,/shop/cam-nang/chu-de/hd-giay-to-phap-ly.html,1.0.0
KN-0028,KINH_NGHIEM,KN_YAMAHA_SIRIUS,/shop/cam-nang/chu-de/kn-yamaha-sirius.html,1.0.0
AT-0028,AN_TOAN,AT_LUAT_XU_PHAT,/shop/cam-nang/chu-de/at-luat-xu-phat.html,1.0.0
XM-0028,XE_MAY,XM_YAMAHA_SIRIUS,/shop/cam-nang/chu-de/xm-yamaha-sirius.html,1.0.0
DL-0028,DU_LICH,DL_HA_NOI_NOI_THANH,/shop/cam-nang/chu-de/dl-ha-noi-noi-thanh.html,1.0.0
CD-0028,CUNG_DUONG,CD_HOA_BINH_SON_LA,/shop/cam-nang/chu-de/cd-hoa-binh-son-la.html,1.0.0
HD-0028,HOI_DAP,HD_GIAY_TO_PHAP_LY,/shop/cam-nang/chu-de/hd-giay-to-phap-ly.html,1.0.0
KN-0029,KINH_NGHIEM,KN_YAMAHA_SIRIUS,/shop/cam-nang/chu-de/kn-yamaha-sirius.html,1.0.0
AT-0029,AN_TOAN,AT_LUAT_XU_PHAT,/shop/cam-nang/chu-de/at-luat-xu-phat.html,1.0.0
XM-0029,XE_MAY,XM_YAMAHA_SIRIUS,/shop/cam-nang/chu-de/xm-yamaha-sirius.html,1.0.0
DL-0029,DU_LICH,DL_HA_NOI_NOI_THANH,/shop/cam-nang/chu-de/dl-ha-noi-noi-thanh.html,1.0.0
CD-0029,CUNG_DUONG,CD_HOA_BINH_SON_LA,/shop/cam-nang/chu-de/cd-hoa-binh-son-la.html,1.0.0
HD-0029,HOI_DAP,HD_GIAY_TO_PHAP_LY,/shop/cam-nang/chu-de/hd-giay-to-phap-ly.html,1.0.0
KN-0030,KINH_NGHIEM,KN_YAMAHA_SIRIUS,/shop/cam-nang/chu-de/kn-yamaha-sirius.html,1.0.0
AT-0030,AN_TOAN,AT_LUAT_XU_PHAT,/shop/cam-nang/chu-de/at-luat-xu-phat.html,1.0.0
XM-0030,XE_MAY,XM_YAMAHA_SIRIUS,/shop/cam-nang/chu-de/xm-yamaha-sirius.html,1.0.0
DL-0030,DU_LICH,DL_HA_NOI_NOI_THANH,/shop/cam-nang/chu-de/dl-ha-noi-noi-thanh.html,1.0.0
CD-0030,CUNG_DUONG,CD_HOA_BINH_SON_LA,/shop/cam-nang/chu-de/cd-hoa-binh-son-la.html,1.0.0
HD-0030,HOI_DAP,HD_GIAY_TO_PHAP_LY,/shop/cam-nang/chu-de/hd-giay-to-phap-ly.html,1.0.0
KN-0031,KINH_NGHIEM,KN_YAMAHA_SIRIUS,/shop/cam-nang/chu-de/kn-yamaha-sirius.html,1.0.0
AT-0031,AN_TOAN,AT_LUAT_XU_PHAT,/shop/cam-nang/chu-de/at-luat-xu-phat.html,1.0.0
XM-0031,XE_MAY,XM_YAMAHA_SIRIUS,/shop/cam-nang/chu-de/xm-yamaha-sirius.html,1.0.0
DL-0031,DU_LICH,DL_HA_NOI_NOI_THANH,/shop/cam-nang/chu-de/dl-ha-noi-noi-thanh.html,1.0.0
CD-0031,CUNG_DUONG,CD_HOA_BINH_SON_LA,/shop/cam-nang/chu-de/cd-hoa-binh-son-la.html,1.0.0
HD-0031,HOI_DAP,HD_GIAY_TO_PHAP_LY,/shop/cam-nang/chu-de/hd-giay-to-phap-ly.html,1.0.0
KN-0032,KINH_NGHIEM,KN_YAMAHA_SIRIUS,/shop/cam-nang/chu-de/kn-yamaha-sirius.html,1.0.0
AT-0032,AN_TOAN,AT_LUAT_XU_PHAT,/shop/cam-nang/chu-de/at-luat-xu-phat.html,1.0.0
XM-0032,XE_MAY,XM_YAMAHA_SIRIUS,/shop/cam-nang/chu-de/xm-yamaha-sirius.html,1.0.0
DL-0032,DU_LICH,DL_HA_NOI_NOI_THANH,/shop/cam-nang/chu-de/dl-ha-noi-noi-thanh.html,1.0.0
CD-0032,CUNG_DUONG,CD_HOA_BINH_SON_LA,/shop/cam-nang/chu-de/cd-hoa-binh-son-la.html,1.0.0
HD-0032,HOI_DAP,HD_GIAY_TO_PHAP_LY,/shop/cam-nang/chu-de/hd-giay-to-phap-ly.html,1.0.0
KN-0033,KINH_NGHIEM,KN_YAMAHA_SIRIUS,/shop/cam-nang/chu-de/kn-yamaha-sirius.html,1.0.0
AT-0033,AN_TOAN,AT_LUAT_XU_PHAT,/shop/cam-nang/chu-de/at-luat-xu-phat.html,1.0.0
XM-0033,XE_MAY,XM_YAMAHA_SIRIUS,/shop/cam-nang/chu-de/xm-yamaha-sirius.html,1.0.0
DL-0033,DU_LICH,DL_HA_NOI_NOI_THANH,/shop/cam-nang/chu-de/dl-ha-noi-noi-thanh.html,1.0.0
CD-0033,CUNG_DUONG,CD_HOA_BINH_SON_LA,/shop/cam-nang/chu-de/cd-hoa-binh-son-la.html,1.0.0
HD-0033,HOI_DAP,HD_GIAY_TO_PHAP_LY,/shop/cam-nang/chu-de/hd-giay-to-phap-ly.html,1.0.0
KN-0034,KINH_NGHIEM,KN_XE_GA_PHO_THONG,/shop/cam-nang/chu-de/kn-xe-ga-pho-thong.html,1.0.0
AT-0034,AN_TOAN,AT_LUAT_XU_PHAT,/shop/cam-nang/chu-de/at-luat-xu-phat.html,1.0.0
XM-0034,XE_MAY,XM_YAMAHA_SIRIUS,/shop/cam-nang/chu-de/xm-yamaha-sirius.html,1.0.0
DL-0034,DU_LICH,DL_HA_NOI_NOI_THANH,/shop/cam-nang/chu-de/dl-ha-noi-noi-thanh.html,1.0.0
CD-0034,CUNG_DUONG,CD_TAY_BAC_XA,/shop/cam-nang/chu-de/cd-tay-bac-xa.html,1.0.0
HD-0034,HOI_DAP,HD_GIAY_TO_PHAP_LY,/shop/cam-nang/chu-de/hd-giay-to-phap-ly.html,1.0.0
KN-0035,KINH_NGHIEM,KN_XE_GA_PHO_THONG,/shop/cam-nang/chu-de/kn-xe-ga-pho-thong.html,1.0.0
AT-0035,AN_TOAN,AT_LUAT_XU_PHAT,/shop/cam-nang/chu-de/at-luat-xu-phat.html,1.0.0
XM-0035,XE_MAY,XM_YAMAHA_SIRIUS,/shop/cam-nang/chu-de/xm-yamaha-sirius.html,1.0.0
DL-0035,DU_LICH,DL_HA_NOI_NOI_THANH,/shop/cam-nang/chu-de/dl-ha-noi-noi-thanh.html,1.0.0
CD-0035,CUNG_DUONG,CD_TAY_BAC_XA,/shop/cam-nang/chu-de/cd-tay-bac-xa.html,1.0.0
HD-0035,HOI_DAP,HD_GIAY_TO_PHAP_LY,/shop/cam-nang/chu-de/hd-giay-to-phap-ly.html,1.0.0
KN-0036,KINH_NGHIEM,KN_XE_GA_PHO_THONG,/shop/cam-nang/chu-de/kn-xe-ga-pho-thong.html,1.0.0
AT-0036,AN_TOAN,AT_LUAT_XU_PHAT,/shop/cam-nang/chu-de/at-luat-xu-phat.html,1.0.0
XM-0036,XE_MAY,XM_YAMAHA_SIRIUS,/shop/cam-nang/chu-de/xm-yamaha-sirius.html,1.0.0
DL-0036,DU_LICH,DL_HA_NOI_NOI_THANH,/shop/cam-nang/chu-de/dl-ha-noi-noi-thanh.html,1.0.0
CD-0036,CUNG_DUONG,CD_TAY_BAC_XA,/shop/cam-nang/chu-de/cd-tay-bac-xa.html,1.0.0
HD-0036,HOI_DAP,HD_GIAY_TO_PHAP_LY,/shop/cam-nang/chu-de/hd-giay-to-phap-ly.html,1.0.0
KN-0037,KINH_NGHIEM,KN_XE_GA_PHO_THONG,/shop/cam-nang/chu-de/kn-xe-ga-pho-thong.html,1.0.0
AT-0037,AN_TOAN,AT_LUAT_XU_PHAT,/shop/cam-nang/chu-de/at-luat-xu-phat.html,1.0.0
XM-0037,XE_MAY,XM_YAMAHA_SIRIUS,/shop/cam-nang/chu-de/xm-yamaha-sirius.html,1.0.0
DL-0037,DU_LICH,DL_HA_NOI_NOI_THANH,/shop/cam-nang/chu-de/dl-ha-noi-noi-thanh.html,1.0.0
CD-0037,CUNG_DUONG,CD_TAY_BAC_XA,/shop/cam-nang/chu-de/cd-tay-bac-xa.html,1.0.0
HD-0037,HOI_DAP,HD_GIAY_TO_PHAP_LY,/shop/cam-nang/chu-de/hd-giay-to-phap-ly.html,1.0.0
KN-0038,KINH_NGHIEM,KN_XE_GA_PHO_THONG,/shop/cam-nang/chu-de/kn-xe-ga-pho-thong.html,1.0.0
AT-0038,AN_TOAN,AT_LUAT_XU_PHAT,/shop/cam-nang/chu-de/at-luat-xu-phat.html,1.0.0
XM-0038,XE_MAY,XM_YAMAHA_SIRIUS,/shop/cam-nang/chu-de/xm-yamaha-sirius.html,1.0.0
DL-0038,DU_LICH,DL_HA_NOI_NOI_THANH,/shop/cam-nang/chu-de/dl-ha-noi-noi-thanh.html,1.0.0
CD-0038,CUNG_DUONG,CD_TAY_BAC_XA,/shop/cam-nang/chu-de/cd-tay-bac-xa.html,1.0.0
HD-0038,HOI_DAP,HD_GIAY_TO_PHAP_LY,/shop/cam-nang/chu-de/hd-giay-to-phap-ly.html,1.0.0
KN-0039,KINH_NGHIEM,KN_XE_MAY_DIEN,/shop/cam-nang/chu-de/kn-xe-may-dien.html,1.0.0
AT-0039,AN_TOAN,AT_LUAT_XU_PHAT,/shop/cam-nang/chu-de/at-luat-xu-phat.html,1.0.0
XM-0039,XE_MAY,XM_YAMAHA_SIRIUS,/shop/cam-nang/chu-de/xm-yamaha-sirius.html,1.0.0
DL-0039,DU_LICH,DL_HA_NOI_NOI_THANH,/shop/cam-nang/chu-de/dl-ha-noi-noi-thanh.html,1.0.0
CD-0039,CUNG_DUONG,CD_TAY_BAC_XA,/shop/cam-nang/chu-de/cd-tay-bac-xa.html,1.0.0
HD-0039,HOI_DAP,HD_GIAY_TO_PHAP_LY,/shop/cam-nang/chu-de/hd-giay-to-phap-ly.html,1.0.0
KN-0040,KINH_NGHIEM,KN_XE_MAY_DIEN,/shop/cam-nang/chu-de/kn-xe-may-dien.html,1.0.0
AT-0040,AN_TOAN,AT_LUAT_XU_PHAT,/shop/cam-nang/chu-de/at-luat-xu-phat.html,1.0.0
XM-0040,XE_MAY,XM_HONDA_CLICK,/shop/cam-nang/chu-de/xm-honda-click.html,1.0.0
DL-0040,DU_LICH,DL_HA_NOI_NOI_THANH,/shop/cam-nang/chu-de/dl-ha-noi-noi-thanh.html,1.0.0
CD-0040,CUNG_DUONG,CD_HA_GIANG_DONG_BAC_CA,/shop/cam-nang/chu-de/cd-ha-giang-dong-bac-ca.html,1.0.0
HD-0040,HOI_DAP,HD_GIAY_TO_PHAP_LY,/shop/cam-nang/chu-de/hd-giay-to-phap-ly.html,1.0.0
KN-0041,KINH_NGHIEM,KN_XE_MAY_DIEN,/shop/cam-nang/chu-de/kn-xe-may-dien.html,1.0.0
AT-0041,AN_TOAN,AT_LUAT_XU_PHAT,/shop/cam-nang/chu-de/at-luat-xu-phat.html,1.0.0
XM-0041,XE_MAY,XM_HONDA_CLICK,/shop/cam-nang/chu-de/xm-honda-click.html,1.0.0
DL-0041,DU_LICH,DL_TAY_BAC_GAN,/shop/cam-nang/chu-de/dl-tay-bac-gan.html,1.0.0
CD-0041,CUNG_DUONG,CD_HA_GIANG_DONG_BAC_CA,/shop/cam-nang/chu-de/cd-ha-giang-dong-bac-ca.html,1.0.0
HD-0041,HOI_DAP,HD_THUE_XE,/shop/cam-nang/chu-de/hd-thue-xe.html,1.0.0
KN-0042,KINH_NGHIEM,KN_XE_MAY_DIEN,/shop/cam-nang/chu-de/kn-xe-may-dien.html,1.0.0
AT-0042,AN_TOAN,AT_LUAT_XU_PHAT,/shop/cam-nang/chu-de/at-luat-xu-phat.html,1.0.0
XM-0042,XE_MAY,XM_HONDA_CLICK,/shop/cam-nang/chu-de/xm-honda-click.html,1.0.0
DL-0042,DU_LICH,DL_TAY_BAC_GAN,/shop/cam-nang/chu-de/dl-tay-bac-gan.html,1.0.0
CD-0042,CUNG_DUONG,CD_HA_GIANG_DONG_BAC_CA,/shop/cam-nang/chu-de/cd-ha-giang-dong-bac-ca.html,1.0.0
HD-0042,HOI_DAP,HD_THUE_XE,/shop/cam-nang/chu-de/hd-thue-xe.html,1.0.0
KN-0043,KINH_NGHIEM,KN_XE_MAY_DIEN,/shop/cam-nang/chu-de/kn-xe-may-dien.html,1.0.0
AT-0043,AN_TOAN,AT_LUAT_XU_PHAT,/shop/cam-nang/chu-de/at-luat-xu-phat.html,1.0.0
XM-0043,XE_MAY,XM_HONDA_CLICK,/shop/cam-nang/chu-de/xm-honda-click.html,1.0.0
DL-0043,DU_LICH,DL_TAY_BAC_GAN,/shop/cam-nang/chu-de/dl-tay-bac-gan.html,1.0.0
CD-0043,CUNG_DUONG,CD_HA_GIANG_DONG_BAC_CA,/shop/cam-nang/chu-de/cd-ha-giang-dong-bac-ca.html,1.0.0
HD-0043,HOI_DAP,HD_THUE_XE,/shop/cam-nang/chu-de/hd-thue-xe.html,1.0.0
KN-0044,KINH_NGHIEM,KN_XE_MAY_DIEN,/shop/cam-nang/chu-de/kn-xe-may-dien.html,1.0.0
AT-0044,AN_TOAN,AT_LUAT_XU_PHAT,/shop/cam-nang/chu-de/at-luat-xu-phat.html,1.0.0
XM-0044,XE_MAY,XM_HONDA_CLICK,/shop/cam-nang/chu-de/xm-honda-click.html,1.0.0
DL-0044,DU_LICH,DL_TAY_BAC_GAN,/shop/cam-nang/chu-de/dl-tay-bac-gan.html,1.0.0
CD-0044,CUNG_DUONG,CD_HA_GIANG_DONG_BAC_CA,/shop/cam-nang/chu-de/cd-ha-giang-dong-bac-ca.html,1.0.0
HD-0044,HOI_DAP,HD_THUE_XE,/shop/cam-nang/chu-de/hd-thue-xe.html,1.0.0
KN-0045,KINH_NGHIEM,KN_XE_MAY_DIEN,/shop/cam-nang/chu-de/kn-xe-may-dien.html,1.0.0
AT-0045,AN_TOAN,AT_LUAT_XU_PHAT,/shop/cam-nang/chu-de/at-luat-xu-phat.html,1.0.0
XM-0045,XE_MAY,XM_HONDA_CLICK,/shop/cam-nang/chu-de/xm-honda-click.html,1.0.0
DL-0045,DU_LICH,DL_TAY_BAC_GAN,/shop/cam-nang/chu-de/dl-tay-bac-gan.html,1.0.0
CD-0045,CUNG_DUONG,CD_HA_GIANG_DONG_BAC_CA,/shop/cam-nang/chu-de/cd-ha-giang-dong-bac-ca.html,1.0.0
HD-0045,HOI_DAP,HD_THUE_XE,/shop/cam-nang/chu-de/hd-thue-xe.html,1.0.0
KN-0046,KINH_NGHIEM,KN_XE_MAY_DIEN,/shop/cam-nang/chu-de/kn-xe-may-dien.html,1.0.0
AT-0046,AN_TOAN,AT_LUAT_XU_PHAT,/shop/cam-nang/chu-de/at-luat-xu-phat.html,1.0.0
XM-0046,XE_MAY,XM_HONDA_CLICK,/shop/cam-nang/chu-de/xm-honda-click.html,1.0.0
DL-0046,DU_LICH,DL_TAY_BAC_GAN,/shop/cam-nang/chu-de/dl-tay-bac-gan.html,1.0.0
CD-0046,CUNG_DUONG,CD_HA_GIANG_DONG_BAC_CA,/shop/cam-nang/chu-de/cd-ha-giang-dong-bac-ca.html,1.0.0
HD-0046,HOI_DAP,HD_THUE_XE,/shop/cam-nang/chu-de/hd-thue-xe.html,1.0.0
KN-0047,KINH_NGHIEM,KN_XE_MAY_DIEN,/shop/cam-nang/chu-de/kn-xe-may-dien.html,1.0.0
AT-0047,AN_TOAN,AT_LUAT_XU_PHAT,/shop/cam-nang/chu-de/at-luat-xu-phat.html,1.0.0
XM-0047,XE_MAY,XM_HONDA_CLICK,/shop/cam-nang/chu-de/xm-honda-click.html,1.0.0
DL-0047,DU_LICH,DL_TAY_BAC_GAN,/shop/cam-nang/chu-de/dl-tay-bac-gan.html,1.0.0
CD-0047,CUNG_DUONG,CD_HA_GIANG_DONG_BAC_CA,/shop/cam-nang/chu-de/cd-ha-giang-dong-bac-ca.html,1.0.0
HD-0047,HOI_DAP,HD_THUE_XE,/shop/cam-nang/chu-de/hd-thue-xe.html,1.0.0
KN-0048,KINH_NGHIEM,KN_XE_MAY_DIEN,/shop/cam-nang/chu-de/kn-xe-may-dien.html,1.0.0
AT-0048,AN_TOAN,AT_LUAT_XU_PHAT,/shop/cam-nang/chu-de/at-luat-xu-phat.html,1.0.0
XM-0048,XE_MAY,XM_HONDA_CLICK,/shop/cam-nang/chu-de/xm-honda-click.html,1.0.0
DL-0048,DU_LICH,DL_TAY_BAC_GAN,/shop/cam-nang/chu-de/dl-tay-bac-gan.html,1.0.0
CD-0048,CUNG_DUONG,CD_HA_GIANG_DONG_BAC_CA,/shop/cam-nang/chu-de/cd-ha-giang-dong-bac-ca.html,1.0.0
HD-0048,HOI_DAP,HD_THUE_XE,/shop/cam-nang/chu-de/hd-thue-xe.html,1.0.0
KN-0049,KINH_NGHIEM,KN_XE_MAY_DIEN,/shop/cam-nang/chu-de/kn-xe-may-dien.html,1.0.0
AT-0049,AN_TOAN,AT_LUAT_XU_PHAT,/shop/cam-nang/chu-de/at-luat-xu-phat.html,1.0.0
XM-0049,XE_MAY,XM_HONDA_CLICK,/shop/cam-nang/chu-de/xm-honda-click.html,1.0.0
DL-0049,DU_LICH,DL_TAY_BAC_GAN,/shop/cam-nang/chu-de/dl-tay-bac-gan.html,1.0.0
CD-0049,CUNG_DUONG,CD_HA_GIANG_DONG_BAC_CA,/shop/cam-nang/chu-de/cd-ha-giang-dong-bac-ca.html,1.0.0
HD-0049,HOI_DAP,HD_THUE_XE,/shop/cam-nang/chu-de/hd-thue-xe.html,1.0.0
KN-0050,KINH_NGHIEM,KN_XE_MAY_DIEN,/shop/cam-nang/chu-de/kn-xe-may-dien.html,1.0.0
AT-0050,AN_TOAN,AT_LUAT_XU_PHAT,/shop/cam-nang/chu-de/at-luat-xu-phat.html,1.0.0
XM-0050,XE_MAY,XM_HONDA_CLICK,/shop/cam-nang/chu-de/xm-honda-click.html,1.0.0
DL-0050,DU_LICH,DL_TAY_BAC_GAN,/shop/cam-nang/chu-de/dl-tay-bac-gan.html,1.0.0
CD-0050,CUNG_DUONG,CD_HA_GIANG_DONG_BAC_CA,/shop/cam-nang/chu-de/cd-ha-giang-dong-bac-ca.html,1.0.0
HD-0050,HOI_DAP,HD_THUE_XE,/shop/cam-nang/chu-de/hd-thue-xe.html,1.0.0
KN-0051,KINH_NGHIEM,KN_XE_MAY_DIEN,/shop/cam-nang/chu-de/kn-xe-may-dien.html,1.0.0
AT-0051,AN_TOAN,AT_LUAT_XU_PHAT,/shop/cam-nang/chu-de/at-luat-xu-phat.html,1.0.0
XM-0051,XE_MAY,XM_HONDA_CLICK,/shop/cam-nang/chu-de/xm-honda-click.html,1.0.0
DL-0051,DU_LICH,DL_TAY_BAC_GAN,/shop/cam-nang/chu-de/dl-tay-bac-gan.html,1.0.0
CD-0051,CUNG_DUONG,CD_HA_GIANG_DONG_BAC_CA,/shop/cam-nang/chu-de/cd-ha-giang-dong-bac-ca.html,1.0.0
HD-0051,HOI_DAP,HD_THUE_XE,/shop/cam-nang/chu-de/hd-thue-xe.html,1.0.0
KN-0052,KINH_NGHIEM,KN_XE_MAY_DIEN,/shop/cam-nang/chu-de/kn-xe-may-dien.html,1.0.0
AT-0052,AN_TOAN,AT_LUAT_XU_PHAT,/shop/cam-nang/chu-de/at-luat-xu-phat.html,1.0.0
XM-0052,XE_MAY,XM_HONDA_CLICK,/shop/cam-nang/chu-de/xm-honda-click.html,1.0.0
DL-0052,DU_LICH,DL_TAY_BAC_GAN,/shop/cam-nang/chu-de/dl-tay-bac-gan.html,1.0.0
CD-0052,CUNG_DUONG,CD_HA_GIANG_DONG_BAC_CA,/shop/cam-nang/chu-de/cd-ha-giang-dong-bac-ca.html,1.0.0
HD-0052,HOI_DAP,HD_THUE_XE,/shop/cam-nang/chu-de/hd-thue-xe.html,1.0.0
KN-0053,KINH_NGHIEM,KN_XE_MAY_DIEN,/shop/cam-nang/chu-de/kn-xe-may-dien.html,1.0.0
AT-0053,AN_TOAN,AT_LUAT_XU_PHAT,/shop/cam-nang/chu-de/at-luat-xu-phat.html,1.0.0
XM-0053,XE_MAY,XM_HONDA_CLICK,/shop/cam-nang/chu-de/xm-honda-click.html,1.0.0
DL-0053,DU_LICH,DL_TAY_BAC_GAN,/shop/cam-nang/chu-de/dl-tay-bac-gan.html,1.0.0
CD-0053,CUNG_DUONG,CD_HA_GIANG_DONG_BAC_CA,/shop/cam-nang/chu-de/cd-ha-giang-dong-bac-ca.html,1.0.0
HD-0053,HOI_DAP,HD_THUE_XE,/shop/cam-nang/chu-de/hd-thue-xe.html,1.0.0
KN-0054,KINH_NGHIEM,KN_XE_MAY_DIEN,/shop/cam-nang/chu-de/kn-xe-may-dien.html,1.0.0
AT-0054,AN_TOAN,AT_LUAT_XU_PHAT,/shop/cam-nang/chu-de/at-luat-xu-phat.html,1.0.0
XM-0054,XE_MAY,XM_HONDA_CLICK,/shop/cam-nang/chu-de/xm-honda-click.html,1.0.0
DL-0054,DU_LICH,DL_TAY_BAC_GAN,/shop/cam-nang/chu-de/dl-tay-bac-gan.html,1.0.0
CD-0054,CUNG_DUONG,CD_HA_GIANG_DONG_BAC_CA,/shop/cam-nang/chu-de/cd-ha-giang-dong-bac-ca.html,1.0.0
HD-0054,HOI_DAP,HD_THUE_XE,/shop/cam-nang/chu-de/hd-thue-xe.html,1.0.0
KN-0055,KINH_NGHIEM,KN_THUE_XE_CO_BAN,/shop/cam-nang/chu-de/kn-thue-xe-co-ban.html,1.0.0
AT-0055,AN_TOAN,AT_LUAT_XU_PHAT,/shop/cam-nang/chu-de/at-luat-xu-phat.html,1.0.0
XM-0055,XE_MAY,XM_YAMAHA_MIO,/shop/cam-nang/chu-de/xm-yamaha-mio.html,1.0.0
DL-0055,DU_LICH,DL_TAY_BAC_GAN,/shop/cam-nang/chu-de/dl-tay-bac-gan.html,1.0.0
CD-0055,CUNG_DUONG,CD_HA_GIANG_DONG_BAC_CA,/shop/cam-nang/chu-de/cd-ha-giang-dong-bac-ca.html,1.0.0
HD-0055,HOI_DAP,HD_THUE_XE,/shop/cam-nang/chu-de/hd-thue-xe.html,1.0.0
KN-0056,KINH_NGHIEM,KN_THUE_XE_CO_BAN,/shop/cam-nang/chu-de/kn-thue-xe-co-ban.html,1.0.0
AT-0056,AN_TOAN,AT_KY_NANG_NANG_CAO,/shop/cam-nang/chu-de/at-ky-nang-nang-cao.html,1.0.0
XM-0056,XE_MAY,XM_YAMAHA_MIO,/shop/cam-nang/chu-de/xm-yamaha-mio.html,1.0.0
DL-0056,DU_LICH,DL_TAY_BAC_GAN,/shop/cam-nang/chu-de/dl-tay-bac-gan.html,1.0.0
CD-0056,CUNG_DUONG,CD_HA_GIANG_DONG_BAC_CA,/shop/cam-nang/chu-de/cd-ha-giang-dong-bac-ca.html,1.0.0
HD-0056,HOI_DAP,HD_THUE_XE,/shop/cam-nang/chu-de/hd-thue-xe.html,1.0.0
KN-0057,KINH_NGHIEM,KN_THUE_XE_CO_BAN,/shop/cam-nang/chu-de/kn-thue-xe-co-ban.html,1.0.0
AT-0057,AN_TOAN,AT_KY_NANG_NANG_CAO,/shop/cam-nang/chu-de/at-ky-nang-nang-cao.html,1.0.0
XM-0057,XE_MAY,XM_YAMAHA_MIO,/shop/cam-nang/chu-de/xm-yamaha-mio.html,1.0.0
DL-0057,DU_LICH,DL_TAY_BAC_GAN,/shop/cam-nang/chu-de/dl-tay-bac-gan.html,1.0.0
CD-0057,CUNG_DUONG,CD_HA_GIANG_DONG_BAC_CA,/shop/cam-nang/chu-de/cd-ha-giang-dong-bac-ca.html,1.0.0
HD-0057,HOI_DAP,HD_THUE_XE,/shop/cam-nang/chu-de/hd-thue-xe.html,1.0.0
KN-0058,KINH_NGHIEM,KN_THUE_XE_CO_BAN,/shop/cam-nang/chu-de/kn-thue-xe-co-ban.html,1.0.0
AT-0058,AN_TOAN,AT_KY_NANG_NANG_CAO,/shop/cam-nang/chu-de/at-ky-nang-nang-cao.html,1.0.0
XM-0058,XE_MAY,XM_YAMAHA_MIO,/shop/cam-nang/chu-de/xm-yamaha-mio.html,1.0.0
DL-0058,DU_LICH,DL_TAY_BAC_GAN,/shop/cam-nang/chu-de/dl-tay-bac-gan.html,1.0.0
CD-0058,CUNG_DUONG,CD_HA_GIANG_DONG_BAC_CA,/shop/cam-nang/chu-de/cd-ha-giang-dong-bac-ca.html,1.0.0
HD-0058,HOI_DAP,HD_THUE_XE,/shop/cam-nang/chu-de/hd-thue-xe.html,1.0.0
KN-0059,KINH_NGHIEM,KN_THUE_XE_CO_BAN,/shop/cam-nang/chu-de/kn-thue-xe-co-ban.html,1.0.0
AT-0059,AN_TOAN,AT_KY_NANG_NANG_CAO,/shop/cam-nang/chu-de/at-ky-nang-nang-cao.html,1.0.0
XM-0059,XE_MAY,XM_YAMAHA_MIO,/shop/cam-nang/chu-de/xm-yamaha-mio.html,1.0.0
DL-0059,DU_LICH,DL_TAY_BAC_GAN,/shop/cam-nang/chu-de/dl-tay-bac-gan.html,1.0.0
CD-0059,CUNG_DUONG,CD_HA_GIANG_DONG_BAC_CA,/shop/cam-nang/chu-de/cd-ha-giang-dong-bac-ca.html,1.0.0
HD-0059,HOI_DAP,HD_CHON_XE,/shop/cam-nang/chu-de/hd-chon-xe.html,1.0.0
KN-0060,KINH_NGHIEM,KN_THUE_XE_CO_BAN,/shop/cam-nang/chu-de/kn-thue-xe-co-ban.html,1.0.0
AT-0060,AN_TOAN,AT_KY_NANG_NANG_CAO,/shop/cam-nang/chu-de/at-ky-nang-nang-cao.html,1.0.0
XM-0060,XE_MAY,XM_YAMAHA_MIO,/shop/cam-nang/chu-de/xm-yamaha-mio.html,1.0.0
DL-0060,DU_LICH,DL_TAY_BAC_GAN,/shop/cam-nang/chu-de/dl-tay-bac-gan.html,1.0.0
CD-0060,CUNG_DUONG,CD_HA_GIANG_DONG_BAC_CA,/shop/cam-nang/chu-de/cd-ha-giang-dong-bac-ca.html,1.0.0
HD-0060,HOI_DAP,HD_GIAY_TO_PHAP_LY,/shop/cam-nang/chu-de/hd-giay-to-phap-ly.html,1.0.0
KN-0061,KINH_NGHIEM,KN_THUE_XE_CO_BAN,/shop/cam-nang/chu-de/kn-thue-xe-co-ban.html,1.0.0
AT-0061,AN_TOAN,AT_KY_NANG_NANG_CAO,/shop/cam-nang/chu-de/at-ky-nang-nang-cao.html,1.0.0
XM-0061,XE_MAY,XM_YAMAHA_MIO,/shop/cam-nang/chu-de/xm-yamaha-mio.html,1.0.0
DL-0061,DU_LICH,DL_TAY_BAC_GAN,/shop/cam-nang/chu-de/dl-tay-bac-gan.html,1.0.0
CD-0061,CUNG_DUONG,CD_HA_GIANG_DONG_BAC_CA,/shop/cam-nang/chu-de/cd-ha-giang-dong-bac-ca.html,1.0.0
HD-0061,HOI_DAP,HD_THUE_XE,/shop/cam-nang/chu-de/hd-thue-xe.html,1.0.0
KN-0062,KINH_NGHIEM,KN_THUE_XE_CO_BAN,/shop/cam-nang/chu-de/kn-thue-xe-co-ban.html,1.0.0
AT-0062,AN_TOAN,AT_KY_NANG_NANG_CAO,/shop/cam-nang/chu-de/at-ky-nang-nang-cao.html,1.0.0
XM-0062,XE_MAY,XM_YAMAHA_MIO,/shop/cam-nang/chu-de/xm-yamaha-mio.html,1.0.0
DL-0062,DU_LICH,DL_TAY_BAC_GAN,/shop/cam-nang/chu-de/dl-tay-bac-gan.html,1.0.0
CD-0062,CUNG_DUONG,CD_HA_GIANG_DONG_BAC_CA,/shop/cam-nang/chu-de/cd-ha-giang-dong-bac-ca.html,1.0.0
HD-0062,HOI_DAP,HD_THUE_XE,/shop/cam-nang/chu-de/hd-thue-xe.html,1.0.0
KN-0063,KINH_NGHIEM,KN_TINH_HUONG_DOI_SONG,/shop/cam-nang/chu-de/kn-tinh-huong-doi-song.html,1.0.0
AT-0063,AN_TOAN,AT_KY_NANG_NANG_CAO,/shop/cam-nang/chu-de/at-ky-nang-nang-cao.html,1.0.0
XM-0063,XE_MAY,XM_HONDA_VISION,/shop/cam-nang/chu-de/xm-honda-vision.html,1.0.0
DL-0063,DU_LICH,DL_TAY_BAC_GAN,/shop/cam-nang/chu-de/dl-tay-bac-gan.html,1.0.0
CD-0063,CUNG_DUONG,CD_HA_GIANG_DONG_BAC_CA,/shop/cam-nang/chu-de/cd-ha-giang-dong-bac-ca.html,1.0.0
HD-0063,HOI_DAP,HD_THUE_XE,/shop/cam-nang/chu-de/hd-thue-xe.html,1.0.0
KN-0064,KINH_NGHIEM,KN_TINH_HUONG_DOI_SONG,/shop/cam-nang/chu-de/kn-tinh-huong-doi-song.html,1.0.0
AT-0064,AN_TOAN,AT_KY_NANG_NANG_CAO,/shop/cam-nang/chu-de/at-ky-nang-nang-cao.html,1.0.0
XM-0064,XE_MAY,XM_HONDA_VISION,/shop/cam-nang/chu-de/xm-honda-vision.html,1.0.0
DL-0064,DU_LICH,DL_TAY_BAC_GAN,/shop/cam-nang/chu-de/dl-tay-bac-gan.html,1.0.0
CD-0064,CUNG_DUONG,CD_HA_GIANG_DONG_BAC_CA,/shop/cam-nang/chu-de/cd-ha-giang-dong-bac-ca.html,1.0.0
HD-0064,HOI_DAP,HD_CHI_PHI,/shop/cam-nang/chu-de/hd-chi-phi.html,1.0.0
KN-0065,KINH_NGHIEM,KN_TINH_HUONG_DOI_SONG,/shop/cam-nang/chu-de/kn-tinh-huong-doi-song.html,1.0.0
AT-0065,AN_TOAN,AT_KY_NANG_NANG_CAO,/shop/cam-nang/chu-de/at-ky-nang-nang-cao.html,1.0.0
XM-0065,XE_MAY,XM_HONDA_VISION,/shop/cam-nang/chu-de/xm-honda-vision.html,1.0.0
DL-0065,DU_LICH,DL_TAY_BAC_GAN,/shop/cam-nang/chu-de/dl-tay-bac-gan.html,1.0.0
CD-0065,CUNG_DUONG,CD_HA_GIANG_DONG_BAC_CA,/shop/cam-nang/chu-de/cd-ha-giang-dong-bac-ca.html,1.0.0
HD-0065,HOI_DAP,HD_THUE_XE,/shop/cam-nang/chu-de/hd-thue-xe.html,1.0.0
KN-0066,KINH_NGHIEM,KN_TINH_HUONG_DOI_SONG,/shop/cam-nang/chu-de/kn-tinh-huong-doi-song.html,1.0.0
AT-0066,AN_TOAN,AT_KY_NANG_NANG_CAO,/shop/cam-nang/chu-de/at-ky-nang-nang-cao.html,1.0.0
XM-0066,XE_MAY,XM_HONDA_VISION,/shop/cam-nang/chu-de/xm-honda-vision.html,1.0.0
DL-0066,DU_LICH,DL_TAY_BAC_GAN,/shop/cam-nang/chu-de/dl-tay-bac-gan.html,1.0.0
CD-0066,CUNG_DUONG,CD_HA_GIANG_DONG_BAC_CA,/shop/cam-nang/chu-de/cd-ha-giang-dong-bac-ca.html,1.0.0
HD-0066,HOI_DAP,HD_THUE_XE,/shop/cam-nang/chu-de/hd-thue-xe.html,1.0.0
KN-0067,KINH_NGHIEM,KN_TINH_HUONG_DOI_SONG,/shop/cam-nang/chu-de/kn-tinh-huong-doi-song.html,1.0.0
AT-0067,AN_TOAN,AT_KY_NANG_NANG_CAO,/shop/cam-nang/chu-de/at-ky-nang-nang-cao.html,1.0.0
XM-0067,XE_MAY,XM_HONDA_VISION,/shop/cam-nang/chu-de/xm-honda-vision.html,1.0.0
DL-0067,DU_LICH,DL_TAY_BAC_GAN,/shop/cam-nang/chu-de/dl-tay-bac-gan.html,1.0.0
CD-0067,CUNG_DUONG,CD_HA_GIANG_DONG_BAC_CA,/shop/cam-nang/chu-de/cd-ha-giang-dong-bac-ca.html,1.0.0
HD-0067,HOI_DAP,HD_THUE_XE,/shop/cam-nang/chu-de/hd-thue-xe.html,1.0.0
KN-0068,KINH_NGHIEM,KN_DUONG_PHO_LON,/shop/cam-nang/chu-de/kn-duong-pho-lon.html,1.0.0
AT-0068,AN_TOAN,AT_KY_NANG_NANG_CAO,/shop/cam-nang/chu-de/at-ky-nang-nang-cao.html,1.0.0
XM-0068,XE_MAY,XM_HONDA_VISION,/shop/cam-nang/chu-de/xm-honda-vision.html,1.0.0
DL-0068,DU_LICH,DL_TAY_BAC_GAN,/shop/cam-nang/chu-de/dl-tay-bac-gan.html,1.0.0
CD-0068,CUNG_DUONG,CD_HA_GIANG_DONG_BAC_CA,/shop/cam-nang/chu-de/cd-ha-giang-dong-bac-ca.html,1.0.0
HD-0068,HOI_DAP,HD_GIAY_TO_PHAP_LY,/shop/cam-nang/chu-de/hd-giay-to-phap-ly.html,1.0.0
KN-0069,KINH_NGHIEM,KN_TINH_HUONG_DOI_SONG,/shop/cam-nang/chu-de/kn-tinh-huong-doi-song.html,1.0.0
AT-0069,AN_TOAN,AT_KY_NANG_NANG_CAO,/shop/cam-nang/chu-de/at-ky-nang-nang-cao.html,1.0.0
XM-0069,XE_MAY,XM_HONDA_VISION,/shop/cam-nang/chu-de/xm-honda-vision.html,1.0.0
DL-0069,DU_LICH,DL_TAY_BAC_GAN,/shop/cam-nang/chu-de/dl-tay-bac-gan.html,1.0.0
CD-0069,CUNG_DUONG,CD_DONG_BANG_VEN_BIEN,/shop/cam-nang/chu-de/cd-dong-bang-ven-bien.html,1.0.0
HD-0069,HOI_DAP,HD_THUE_XE,/shop/cam-nang/chu-de/hd-thue-xe.html,1.0.0
KN-0070,KINH_NGHIEM,KN_TINH_HUONG_DOI_SONG,/shop/cam-nang/chu-de/kn-tinh-huong-doi-song.html,1.0.0
AT-0070,AN_TOAN,AT_KY_NANG_NANG_CAO,/shop/cam-nang/chu-de/at-ky-nang-nang-cao.html,1.0.0
XM-0070,XE_MAY,XM_HONDA_AIR_BLADE,/shop/cam-nang/chu-de/xm-honda-air-blade.html,1.0.0
DL-0070,DU_LICH,DL_TAY_BAC_GAN,/shop/cam-nang/chu-de/dl-tay-bac-gan.html,1.0.0
CD-0070,CUNG_DUONG,CD_DONG_BANG_VEN_BIEN,/shop/cam-nang/chu-de/cd-dong-bang-ven-bien.html,1.0.0
HD-0070,HOI_DAP,HD_THUE_XE,/shop/cam-nang/chu-de/hd-thue-xe.html,1.0.0
KN-0071,KINH_NGHIEM,KN_TINH_HUONG_DOI_SONG,/shop/cam-nang/chu-de/kn-tinh-huong-doi-song.html,1.0.0
AT-0071,AN_TOAN,AT_KY_NANG_NANG_CAO,/shop/cam-nang/chu-de/at-ky-nang-nang-cao.html,1.0.0
XM-0071,XE_MAY,XM_HONDA_AIR_BLADE,/shop/cam-nang/chu-de/xm-honda-air-blade.html,1.0.0
DL-0071,DU_LICH,DL_TAY_BAC_GAN,/shop/cam-nang/chu-de/dl-tay-bac-gan.html,1.0.0
CD-0071,CUNG_DUONG,CD_DONG_BANG_VEN_BIEN,/shop/cam-nang/chu-de/cd-dong-bang-ven-bien.html,1.0.0
HD-0071,HOI_DAP,HD_THUE_XE,/shop/cam-nang/chu-de/hd-thue-xe.html,1.0.0
KN-0072,KINH_NGHIEM,KN_TINH_HUONG_DOI_SONG,/shop/cam-nang/chu-de/kn-tinh-huong-doi-song.html,1.0.0
AT-0072,AN_TOAN,AT_KY_NANG_NANG_CAO,/shop/cam-nang/chu-de/at-ky-nang-nang-cao.html,1.0.0
XM-0072,XE_MAY,XM_HONDA_AIR_BLADE,/shop/cam-nang/chu-de/xm-honda-air-blade.html,1.0.0
DL-0072,DU_LICH,DL_TAY_BAC_GAN,/shop/cam-nang/chu-de/dl-tay-bac-gan.html,1.0.0
CD-0072,CUNG_DUONG,CD_DONG_BANG_VEN_BIEN,/shop/cam-nang/chu-de/cd-dong-bang-ven-bien.html,1.0.0
HD-0072,HOI_DAP,HD_THUE_XE,/shop/cam-nang/chu-de/hd-thue-xe.html,1.0.0
KN-0073,KINH_NGHIEM,KN_TINH_HUONG_DOI_SONG,/shop/cam-nang/chu-de/kn-tinh-huong-doi-song.html,1.0.0
AT-0073,AN_TOAN,AT_KY_NANG_NANG_CAO,/shop/cam-nang/chu-de/at-ky-nang-nang-cao.html,1.0.0
XM-0073,XE_MAY,XM_HONDA_AIR_BLADE,/shop/cam-nang/chu-de/xm-honda-air-blade.html,1.0.0
DL-0073,DU_LICH,DL_TAY_BAC_GAN,/shop/cam-nang/chu-de/dl-tay-bac-gan.html,1.0.0
CD-0073,CUNG_DUONG,CD_DONG_BANG_VEN_BIEN,/shop/cam-nang/chu-de/cd-dong-bang-ven-bien.html,1.0.0
HD-0073,HOI_DAP,HD_THUE_XE,/shop/cam-nang/chu-de/hd-thue-xe.html,1.0.0
KN-0074,KINH_NGHIEM,KN_TINH_HUONG_DOI_SONG,/shop/cam-nang/chu-de/kn-tinh-huong-doi-song.html,1.0.0
AT-0074,AN_TOAN,AT_KY_NANG_NANG_CAO,/shop/cam-nang/chu-de/at-ky-nang-nang-cao.html,1.0.0
XM-0074,XE_MAY,XM_HONDA_AIR_BLADE,/shop/cam-nang/chu-de/xm-honda-air-blade.html,1.0.0
DL-0074,DU_LICH,DL_TAY_BAC_GAN,/shop/cam-nang/chu-de/dl-tay-bac-gan.html,1.0.0
CD-0074,CUNG_DUONG,CD_DONG_BANG_VEN_BIEN,/shop/cam-nang/chu-de/cd-dong-bang-ven-bien.html,1.0.0
HD-0074,HOI_DAP,HD_THUE_XE,/shop/cam-nang/chu-de/hd-thue-xe.html,1.0.0
KN-0075,KINH_NGHIEM,KN_TINH_HUONG_DOI_SONG,/shop/cam-nang/chu-de/kn-tinh-huong-doi-song.html,1.0.0
AT-0075,AN_TOAN,AT_KY_NANG_NANG_CAO,/shop/cam-nang/chu-de/at-ky-nang-nang-cao.html,1.0.0
XM-0075,XE_MAY,XM_HONDA_AIR_BLADE,/shop/cam-nang/chu-de/xm-honda-air-blade.html,1.0.0
DL-0075,DU_LICH,DL_TAY_BAC_GAN,/shop/cam-nang/chu-de/dl-tay-bac-gan.html,1.0.0
CD-0075,CUNG_DUONG,CD_DONG_BANG_VEN_BIEN,/shop/cam-nang/chu-de/cd-dong-bang-ven-bien.html,1.0.0
HD-0075,HOI_DAP,HD_THUE_XE,/shop/cam-nang/chu-de/hd-thue-xe.html,1.0.0
KN-0076,KINH_NGHIEM,KN_DUONG_PHO_LON,/shop/cam-nang/chu-de/kn-duong-pho-lon.html,1.0.0
AT-0076,AN_TOAN,AT_KY_NANG_NANG_CAO,/shop/cam-nang/chu-de/at-ky-nang-nang-cao.html,1.0.0
XM-0076,XE_MAY,XM_HONDA_AIR_BLADE,/shop/cam-nang/chu-de/xm-honda-air-blade.html,1.0.0
DL-0076,DU_LICH,DL_TAY_BAC_GAN,/shop/cam-nang/chu-de/dl-tay-bac-gan.html,1.0.0
CD-0076,CUNG_DUONG,CD_DONG_BANG_VEN_BIEN,/shop/cam-nang/chu-de/cd-dong-bang-ven-bien.html,1.0.0
HD-0076,HOI_DAP,HD_THUE_XE,/shop/cam-nang/chu-de/hd-thue-xe.html,1.0.0
KN-0077,KINH_NGHIEM,KN_DUONG_PHO_LON,/shop/cam-nang/chu-de/kn-duong-pho-lon.html,1.0.0
AT-0077,AN_TOAN,AT_KY_NANG_NANG_CAO,/shop/cam-nang/chu-de/at-ky-nang-nang-cao.html,1.0.0
XM-0077,XE_MAY,XM_HONDA_AIR_BLADE,/shop/cam-nang/chu-de/xm-honda-air-blade.html,1.0.0
DL-0077,DU_LICH,DL_TAY_BAC_GAN,/shop/cam-nang/chu-de/dl-tay-bac-gan.html,1.0.0
CD-0077,CUNG_DUONG,CD_DONG_BANG_VEN_BIEN,/shop/cam-nang/chu-de/cd-dong-bang-ven-bien.html,1.0.0
HD-0077,HOI_DAP,HD_GIAY_TO_PHAP_LY,/shop/cam-nang/chu-de/hd-giay-to-phap-ly.html,1.0.0
KN-0078,KINH_NGHIEM,KN_TINH_HUONG_DOI_SONG,/shop/cam-nang/chu-de/kn-tinh-huong-doi-song.html,1.0.0
AT-0078,AN_TOAN,AT_KY_NANG_NANG_CAO,/shop/cam-nang/chu-de/at-ky-nang-nang-cao.html,1.0.0
XM-0078,XE_MAY,XM_HONDA_AIR_BLADE,/shop/cam-nang/chu-de/xm-honda-air-blade.html,1.0.0
DL-0078,DU_LICH,DL_TAY_BAC_GAN,/shop/cam-nang/chu-de/dl-tay-bac-gan.html,1.0.0
CD-0078,CUNG_DUONG,CD_DONG_BANG_VEN_BIEN,/shop/cam-nang/chu-de/cd-dong-bang-ven-bien.html,1.0.0
HD-0078,HOI_DAP,HD_XE_MAY_DIEN,/shop/cam-nang/chu-de/hd-xe-may-dien.html,1.0.0
KN-0079,KINH_NGHIEM,KN_DUONG_PHO_LON,/shop/cam-nang/chu-de/kn-duong-pho-lon.html,1.0.0
AT-0079,AN_TOAN,AT_KY_NANG_NANG_CAO,/shop/cam-nang/chu-de/at-ky-nang-nang-cao.html,1.0.0
XM-0079,XE_MAY,XM_HONDA_AIR_BLADE,/shop/cam-nang/chu-de/xm-honda-air-blade.html,1.0.0
DL-0079,DU_LICH,DL_TAY_BAC_GAN,/shop/cam-nang/chu-de/dl-tay-bac-gan.html,1.0.0
CD-0079,CUNG_DUONG,CD_DONG_BANG_VEN_BIEN,/shop/cam-nang/chu-de/cd-dong-bang-ven-bien.html,1.0.0
HD-0079,HOI_DAP,HD_XE_MAY_DIEN,/shop/cam-nang/chu-de/hd-xe-may-dien.html,1.0.0
KN-0080,KINH_NGHIEM,KN_TINH_HUONG_DOI_SONG,/shop/cam-nang/chu-de/kn-tinh-huong-doi-song.html,1.0.0
AT-0080,AN_TOAN,AT_KY_NANG_NANG_CAO,/shop/cam-nang/chu-de/at-ky-nang-nang-cao.html,1.0.0
XM-0080,XE_MAY,XM_HONDA_AIR_BLADE,/shop/cam-nang/chu-de/xm-honda-air-blade.html,1.0.0
DL-0080,DU_LICH,DL_TAY_BAC_GAN,/shop/cam-nang/chu-de/dl-tay-bac-gan.html,1.0.0
CD-0080,CUNG_DUONG,CD_DONG_BANG_VEN_BIEN,/shop/cam-nang/chu-de/cd-dong-bang-ven-bien.html,1.0.0
HD-0080,HOI_DAP,HD_XE_MAY_DIEN,/shop/cam-nang/chu-de/hd-xe-may-dien.html,1.0.0
KN-0081,KINH_NGHIEM,KN_TINH_HUONG_DOI_SONG,/shop/cam-nang/chu-de/kn-tinh-huong-doi-song.html,1.0.0
AT-0081,AN_TOAN,AT_KY_NANG_NANG_CAO,/shop/cam-nang/chu-de/at-ky-nang-nang-cao.html,1.0.0
XM-0081,XE_MAY,XM_HONDA_AIR_BLADE,/shop/cam-nang/chu-de/xm-honda-air-blade.html,1.0.0
DL-0081,DU_LICH,DL_TAY_BAC_GAN,/shop/cam-nang/chu-de/dl-tay-bac-gan.html,1.0.0
CD-0081,CUNG_DUONG,CD_DONG_BANG_VEN_BIEN,/shop/cam-nang/chu-de/cd-dong-bang-ven-bien.html,1.0.0
HD-0081,HOI_DAP,HD_XE_MAY_DIEN,/shop/cam-nang/chu-de/hd-xe-may-dien.html,1.0.0
KN-0082,KINH_NGHIEM,KN_TINH_HUONG_DOI_SONG,/shop/cam-nang/chu-de/kn-tinh-huong-doi-song.html,1.0.0
AT-0082,AN_TOAN,AT_KY_NANG_NANG_CAO,/shop/cam-nang/chu-de/at-ky-nang-nang-cao.html,1.0.0
XM-0082,XE_MAY,XM_BAO_DUONG_KIEM_TRA,/shop/cam-nang/chu-de/xm-bao-duong-kiem-tra.html,1.0.0
DL-0082,DU_LICH,DL_TAY_BAC_GAN,/shop/cam-nang/chu-de/dl-tay-bac-gan.html,1.0.0
CD-0082,CUNG_DUONG,CD_DONG_BANG_VEN_BIEN,/shop/cam-nang/chu-de/cd-dong-bang-ven-bien.html,1.0.0
HD-0082,HOI_DAP,HD_XE_MAY_DIEN,/shop/cam-nang/chu-de/hd-xe-may-dien.html,1.0.0
KN-0083,KINH_NGHIEM,KN_TINH_HUONG_DOI_SONG,/shop/cam-nang/chu-de/kn-tinh-huong-doi-song.html,1.0.0
AT-0083,AN_TOAN,AT_KY_NANG_NANG_CAO,/shop/cam-nang/chu-de/at-ky-nang-nang-cao.html,1.0.0
XM-0083,XE_MAY,XM_BAO_DUONG_KIEM_TRA,/shop/cam-nang/chu-de/xm-bao-duong-kiem-tra.html,1.0.0
DL-0083,DU_LICH,DL_TAY_BAC_GAN,/shop/cam-nang/chu-de/dl-tay-bac-gan.html,1.0.0
CD-0083,CUNG_DUONG,CD_DONG_BANG_VEN_BIEN,/shop/cam-nang/chu-de/cd-dong-bang-ven-bien.html,1.0.0
HD-0083,HOI_DAP,HD_XE_MAY_DIEN,/shop/cam-nang/chu-de/hd-xe-may-dien.html,1.0.0
KN-0084,KINH_NGHIEM,KN_TINH_HUONG_DOI_SONG,/shop/cam-nang/chu-de/kn-tinh-huong-doi-song.html,1.0.0
AT-0084,AN_TOAN,AT_KY_NANG_NANG_CAO,/shop/cam-nang/chu-de/at-ky-nang-nang-cao.html,1.0.0
XM-0084,XE_MAY,XM_BAO_DUONG_KIEM_TRA,/shop/cam-nang/chu-de/xm-bao-duong-kiem-tra.html,1.0.0
DL-0084,DU_LICH,DL_TAY_BAC_GAN,/shop/cam-nang/chu-de/dl-tay-bac-gan.html,1.0.0
CD-0084,CUNG_DUONG,CD_DONG_BANG_VEN_BIEN,/shop/cam-nang/chu-de/cd-dong-bang-ven-bien.html,1.0.0
HD-0084,HOI_DAP,HD_GIAY_TO_PHAP_LY,/shop/cam-nang/chu-de/hd-giay-to-phap-ly.html,1.0.0
KN-0085,KINH_NGHIEM,KN_TINH_HUONG_DOI_SONG,/shop/cam-nang/chu-de/kn-tinh-huong-doi-song.html,1.0.0
AT-0085,AN_TOAN,AT_MU_TRANG_BI,/shop/cam-nang/chu-de/at-mu-trang-bi.html,1.0.0
XM-0085,XE_MAY,XM_BAO_DUONG_KIEM_TRA,/shop/cam-nang/chu-de/xm-bao-duong-kiem-tra.html,1.0.0
DL-0085,DU_LICH,DL_TAY_BAC_GAN,/shop/cam-nang/chu-de/dl-tay-bac-gan.html,1.0.0
CD-0085,CUNG_DUONG,CD_DONG_BANG_VEN_BIEN,/shop/cam-nang/chu-de/cd-dong-bang-ven-bien.html,1.0.0
HD-0085,HOI_DAP,HD_XE_MAY_DIEN,/shop/cam-nang/chu-de/hd-xe-may-dien.html,1.0.0
KN-0086,KINH_NGHIEM,KN_TINH_HUONG_DOI_SONG,/shop/cam-nang/chu-de/kn-tinh-huong-doi-song.html,1.0.0
AT-0086,AN_TOAN,AT_KY_NANG_NANG_CAO,/shop/cam-nang/chu-de/at-ky-nang-nang-cao.html,1.0.0
XM-0086,XE_MAY,XM_BAO_DUONG_KIEM_TRA,/shop/cam-nang/chu-de/xm-bao-duong-kiem-tra.html,1.0.0
DL-0086,DU_LICH,DL_TAY_BAC_GAN,/shop/cam-nang/chu-de/dl-tay-bac-gan.html,1.0.0
CD-0086,CUNG_DUONG,CD_DONG_BANG_VEN_BIEN,/shop/cam-nang/chu-de/cd-dong-bang-ven-bien.html,1.0.0
HD-0086,HOI_DAP,HD_XE_MAY_DIEN,/shop/cam-nang/chu-de/hd-xe-may-dien.html,1.0.0
KN-0087,KINH_NGHIEM,KN_TINH_HUONG_DOI_SONG,/shop/cam-nang/chu-de/kn-tinh-huong-doi-song.html,1.0.0
AT-0087,AN_TOAN,AT_KY_NANG_NANG_CAO,/shop/cam-nang/chu-de/at-ky-nang-nang-cao.html,1.0.0
XM-0087,XE_MAY,XM_BAO_DUONG_KIEM_TRA,/shop/cam-nang/chu-de/xm-bao-duong-kiem-tra.html,1.0.0
DL-0087,DU_LICH,DL_TAY_BAC_GAN,/shop/cam-nang/chu-de/dl-tay-bac-gan.html,1.0.0
CD-0087,CUNG_DUONG,CD_DONG_BANG_VEN_BIEN,/shop/cam-nang/chu-de/cd-dong-bang-ven-bien.html,1.0.0
HD-0087,HOI_DAP,HD_XE_MAY_DIEN,/shop/cam-nang/chu-de/hd-xe-may-dien.html,1.0.0
KN-0088,KINH_NGHIEM,KN_TINH_HUONG_DOI_SONG,/shop/cam-nang/chu-de/kn-tinh-huong-doi-song.html,1.0.0
AT-0088,AN_TOAN,AT_KY_NANG_NANG_CAO,/shop/cam-nang/chu-de/at-ky-nang-nang-cao.html,1.0.0
XM-0088,XE_MAY,XM_BAO_DUONG_KIEM_TRA,/shop/cam-nang/chu-de/xm-bao-duong-kiem-tra.html,1.0.0
DL-0088,DU_LICH,DL_TAY_BAC_GAN,/shop/cam-nang/chu-de/dl-tay-bac-gan.html,1.0.0
CD-0088,CUNG_DUONG,CD_DONG_BANG_VEN_BIEN,/shop/cam-nang/chu-de/cd-dong-bang-ven-bien.html,1.0.0
HD-0088,HOI_DAP,HD_XE_MAY_DIEN,/shop/cam-nang/chu-de/hd-xe-may-dien.html,1.0.0
KN-0089,KINH_NGHIEM,KN_TINH_HUONG_DOI_SONG,/shop/cam-nang/chu-de/kn-tinh-huong-doi-song.html,1.0.0
AT-0089,AN_TOAN,AT_KY_NANG_NANG_CAO,/shop/cam-nang/chu-de/at-ky-nang-nang-cao.html,1.0.0
XM-0089,XE_MAY,XM_BAO_DUONG_KIEM_TRA,/shop/cam-nang/chu-de/xm-bao-duong-kiem-tra.html,1.0.0
DL-0089,DU_LICH,DL_TAY_BAC_GAN,/shop/cam-nang/chu-de/dl-tay-bac-gan.html,1.0.0
CD-0089,CUNG_DUONG,CD_DONG_BANG_VEN_BIEN,/shop/cam-nang/chu-de/cd-dong-bang-ven-bien.html,1.0.0
HD-0089,HOI_DAP,HD_XE_MAY_DIEN,/shop/cam-nang/chu-de/hd-xe-may-dien.html,1.0.0
KN-0090,KINH_NGHIEM,KN_TINH_HUONG_DOI_SONG,/shop/cam-nang/chu-de/kn-tinh-huong-doi-song.html,1.0.0
AT-0090,AN_TOAN,AT_KY_NANG_NANG_CAO,/shop/cam-nang/chu-de/at-ky-nang-nang-cao.html,1.0.0
XM-0090,XE_MAY,XM_BAO_DUONG_KIEM_TRA,/shop/cam-nang/chu-de/xm-bao-duong-kiem-tra.html,1.0.0
DL-0090,DU_LICH,DL_TAY_BAC_GAN,/shop/cam-nang/chu-de/dl-tay-bac-gan.html,1.0.0
CD-0090,CUNG_DUONG,CD_DONG_BANG_VEN_BIEN,/shop/cam-nang/chu-de/cd-dong-bang-ven-bien.html,1.0.0
HD-0090,HOI_DAP,HD_GIAY_TO_PHAP_LY,/shop/cam-nang/chu-de/hd-giay-to-phap-ly.html,1.0.0
KN-0091,KINH_NGHIEM,KN_TINH_HUONG_DOI_SONG,/shop/cam-nang/chu-de/kn-tinh-huong-doi-song.html,1.0.0
AT-0091,AN_TOAN,AT_KY_NANG_NANG_CAO,/shop/cam-nang/chu-de/at-ky-nang-nang-cao.html,1.0.0
XM-0091,XE_MAY,XM_BAO_DUONG_KIEM_TRA,/shop/cam-nang/chu-de/xm-bao-duong-kiem-tra.html,1.0.0
DL-0091,DU_LICH,DL_TAY_BAC_GAN,/shop/cam-nang/chu-de/dl-tay-bac-gan.html,1.0.0
CD-0091,CUNG_DUONG,CD_DONG_BANG_VEN_BIEN,/shop/cam-nang/chu-de/cd-dong-bang-ven-bien.html,1.0.0
HD-0091,HOI_DAP,HD_XE_MAY_DIEN,/shop/cam-nang/chu-de/hd-xe-may-dien.html,1.0.0
KN-0092,KINH_NGHIEM,KN_TINH_HUONG_DOI_SONG,/shop/cam-nang/chu-de/kn-tinh-huong-doi-song.html,1.0.0
AT-0092,AN_TOAN,AT_DUONG_DAT_DEO_NONG_THON,/shop/cam-nang/chu-de/at-duong-dat-deo-nong-thon.html,1.0.0
XM-0092,XE_MAY,XM_BAO_DUONG_KIEM_TRA,/shop/cam-nang/chu-de/xm-bao-duong-kiem-tra.html,1.0.0
DL-0092,DU_LICH,DL_TAY_BAC_GAN,/shop/cam-nang/chu-de/dl-tay-bac-gan.html,1.0.0
CD-0092,CUNG_DUONG,CD_DONG_BANG_VEN_BIEN,/shop/cam-nang/chu-de/cd-dong-bang-ven-bien.html,1.0.0
HD-0092,HOI_DAP,HD_XE_MAY_DIEN,/shop/cam-nang/chu-de/hd-xe-may-dien.html,1.0.0
KN-0093,KINH_NGHIEM,KN_TINH_HUONG_DOI_SONG,/shop/cam-nang/chu-de/kn-tinh-huong-doi-song.html,1.0.0
AT-0093,AN_TOAN,AT_KY_NANG_NANG_CAO,/shop/cam-nang/chu-de/at-ky-nang-nang-cao.html,1.0.0
XM-0093,XE_MAY,XM_BAO_DUONG_KIEM_TRA,/shop/cam-nang/chu-de/xm-bao-duong-kiem-tra.html,1.0.0
DL-0093,DU_LICH,DL_TAY_BAC_GAN,/shop/cam-nang/chu-de/dl-tay-bac-gan.html,1.0.0
CD-0093,CUNG_DUONG,CD_DONG_BANG_VEN_BIEN,/shop/cam-nang/chu-de/cd-dong-bang-ven-bien.html,1.0.0
HD-0093,HOI_DAP,HD_BAI_GUI_XE,/shop/cam-nang/chu-de/hd-bai-gui-xe.html,1.0.0
KN-0094,KINH_NGHIEM,KN_TINH_HUONG_DOI_SONG,/shop/cam-nang/chu-de/kn-tinh-huong-doi-song.html,1.0.0
AT-0094,AN_TOAN,AT_KY_NANG_NANG_CAO,/shop/cam-nang/chu-de/at-ky-nang-nang-cao.html,1.0.0
XM-0094,XE_MAY,XM_BAO_DUONG_KIEM_TRA,/shop/cam-nang/chu-de/xm-bao-duong-kiem-tra.html,1.0.0
DL-0094,DU_LICH,DL_TAY_BAC_GAN,/shop/cam-nang/chu-de/dl-tay-bac-gan.html,1.0.0
CD-0094,CUNG_DUONG,CD_DONG_BANG_VEN_BIEN,/shop/cam-nang/chu-de/cd-dong-bang-ven-bien.html,1.0.0
HD-0094,HOI_DAP,HD_DUONG_DI_DIA_DIEM,/shop/cam-nang/chu-de/hd-duong-di-dia-diem.html,1.0.0
KN-0095,KINH_NGHIEM,KN_TINH_HUONG_DOI_SONG,/shop/cam-nang/chu-de/kn-tinh-huong-doi-song.html,1.0.0
AT-0095,AN_TOAN,AT_KY_NANG_NANG_CAO,/shop/cam-nang/chu-de/at-ky-nang-nang-cao.html,1.0.0
XM-0095,XE_MAY,XM_BAO_DUONG_KIEM_TRA,/shop/cam-nang/chu-de/xm-bao-duong-kiem-tra.html,1.0.0
DL-0095,DU_LICH,DL_TAY_BAC_GAN,/shop/cam-nang/chu-de/dl-tay-bac-gan.html,1.0.0
CD-0095,CUNG_DUONG,CD_DONG_BANG_VEN_BIEN,/shop/cam-nang/chu-de/cd-dong-bang-ven-bien.html,1.0.0
HD-0095,HOI_DAP,HD_DUONG_DI_DIA_DIEM,/shop/cam-nang/chu-de/hd-duong-di-dia-diem.html,1.0.0
KN-0096,KINH_NGHIEM,KN_TINH_HUONG_DOI_SONG,/shop/cam-nang/chu-de/kn-tinh-huong-doi-song.html,1.0.0
AT-0096,AN_TOAN,AT_KY_NANG_NANG_CAO,/shop/cam-nang/chu-de/at-ky-nang-nang-cao.html,1.0.0
XM-0096,XE_MAY,XM_BAO_DUONG_KIEM_TRA,/shop/cam-nang/chu-de/xm-bao-duong-kiem-tra.html,1.0.0
DL-0096,DU_LICH,DL_TAY_BAC_GAN,/shop/cam-nang/chu-de/dl-tay-bac-gan.html,1.0.0
CD-0096,CUNG_DUONG,CD_HOA_BINH_SON_LA,/shop/cam-nang/chu-de/cd-hoa-binh-son-la.html,1.0.0
HD-0096,HOI_DAP,HD_DUONG_DI_DIA_DIEM,/shop/cam-nang/chu-de/hd-duong-di-dia-diem.html,1.0.0
KN-0097,KINH_NGHIEM,KN_TINH_HUONG_DOI_SONG,/shop/cam-nang/chu-de/kn-tinh-huong-doi-song.html,1.0.0
AT-0097,AN_TOAN,AT_KY_NANG_NANG_CAO,/shop/cam-nang/chu-de/at-ky-nang-nang-cao.html,1.0.0
XM-0097,XE_MAY,XM_BAO_DUONG_KIEM_TRA,/shop/cam-nang/chu-de/xm-bao-duong-kiem-tra.html,1.0.0
DL-0097,DU_LICH,DL_VINH_PHUC_THAI_NGUYEN,/shop/cam-nang/chu-de/dl-vinh-phuc-thai-nguyen.html,1.0.0
CD-0097,CUNG_DUONG,CD_HOA_BINH_SON_LA,/shop/cam-nang/chu-de/cd-hoa-binh-son-la.html,1.0.0
HD-0097,HOI_DAP,HD_GIAY_TO_PHAP_LY,/shop/cam-nang/chu-de/hd-giay-to-phap-ly.html,1.0.0
KN-0098,KINH_NGHIEM,KN_TINH_HUONG_DOI_SONG,/shop/cam-nang/chu-de/kn-tinh-huong-doi-song.html,1.0.0
AT-0098,AN_TOAN,AT_KY_NANG_NANG_CAO,/shop/cam-nang/chu-de/at-ky-nang-nang-cao.html,1.0.0
XM-0098,XE_MAY,XM_BAO_DUONG_KIEM_TRA,/shop/cam-nang/chu-de/xm-bao-duong-kiem-tra.html,1.0.0
DL-0098,DU_LICH,DL_VINH_PHUC_THAI_NGUYEN,/shop/cam-nang/chu-de/dl-vinh-phuc-thai-nguyen.html,1.0.0
CD-0098,CUNG_DUONG,CD_HOA_BINH_SON_LA,/shop/cam-nang/chu-de/cd-hoa-binh-son-la.html,1.0.0
HD-0098,HOI_DAP,HD_DUONG_DI_DIA_DIEM,/shop/cam-nang/chu-de/hd-duong-di-dia-diem.html,1.0.0
KN-0099,KINH_NGHIEM,KN_TINH_HUONG_DOI_SONG,/shop/cam-nang/chu-de/kn-tinh-huong-doi-song.html,1.0.0
AT-0099,AN_TOAN,AT_KY_NANG_NANG_CAO,/shop/cam-nang/chu-de/at-ky-nang-nang-cao.html,1.0.0
XM-0099,XE_MAY,XM_BAO_DUONG_KIEM_TRA,/shop/cam-nang/chu-de/xm-bao-duong-kiem-tra.html,1.0.0
DL-0099,DU_LICH,DL_VINH_PHUC_THAI_NGUYEN,/shop/cam-nang/chu-de/dl-vinh-phuc-thai-nguyen.html,1.0.0
CD-0099,CUNG_DUONG,CD_HOA_BINH_SON_LA,/shop/cam-nang/chu-de/cd-hoa-binh-son-la.html,1.0.0
HD-0099,HOI_DAP,HD_DUONG_DI_DIA_DIEM,/shop/cam-nang/chu-de/hd-duong-di-dia-diem.html,1.0.0
KN-0100,KINH_NGHIEM,KN_TINH_HUONG_DOI_SONG,/shop/cam-nang/chu-de/kn-tinh-huong-doi-song.html,1.0.0
AT-0100,AN_TOAN,AT_KY_NANG_NANG_CAO,/shop/cam-nang/chu-de/at-ky-nang-nang-cao.html,1.0.0
XM-0100,XE_MAY,XM_BAO_DUONG_KIEM_TRA,/shop/cam-nang/chu-de/xm-bao-duong-kiem-tra.html,1.0.0
DL-0100,DU_LICH,DL_VINH_PHUC_THAI_NGUYEN,/shop/cam-nang/chu-de/dl-vinh-phuc-thai-nguyen.html,1.0.0
CD-0100,CUNG_DUONG,CD_HOA_BINH_SON_LA,/shop/cam-nang/chu-de/cd-hoa-binh-son-la.html,1.0.0
HD-0100,HOI_DAP,HD_DUONG_DI_DIA_DIEM,/shop/cam-nang/chu-de/hd-duong-di-dia-diem.html,1.0.0
KN-0101,KINH_NGHIEM,KN_TINH_HUONG_DOI_SONG,/shop/cam-nang/chu-de/kn-tinh-huong-doi-song.html,1.0.0
AT-0101,AN_TOAN,AT_KY_NANG_NANG_CAO,/shop/cam-nang/chu-de/at-ky-nang-nang-cao.html,1.0.0
XM-0101,XE_MAY,XM_BAO_DUONG_KIEM_TRA,/shop/cam-nang/chu-de/xm-bao-duong-kiem-tra.html,1.0.0
DL-0101,DU_LICH,DL_VINH_PHUC_THAI_NGUYEN,/shop/cam-nang/chu-de/dl-vinh-phuc-thai-nguyen.html,1.0.0
CD-0101,CUNG_DUONG,CD_HOA_BINH_SON_LA,/shop/cam-nang/chu-de/cd-hoa-binh-son-la.html,1.0.0
HD-0101,HOI_DAP,HD_DUONG_DI_DIA_DIEM,/shop/cam-nang/chu-de/hd-duong-di-dia-diem.html,1.0.0
KN-0102,KINH_NGHIEM,KN_TINH_HUONG_DOI_SONG,/shop/cam-nang/chu-de/kn-tinh-huong-doi-song.html,1.0.0
AT-0102,AN_TOAN,AT_KY_NANG_NANG_CAO,/shop/cam-nang/chu-de/at-ky-nang-nang-cao.html,1.0.0
XM-0102,XE_MAY,XM_BAO_DUONG_KIEM_TRA,/shop/cam-nang/chu-de/xm-bao-duong-kiem-tra.html,1.0.0
DL-0102,DU_LICH,DL_VINH_PHUC_THAI_NGUYEN,/shop/cam-nang/chu-de/dl-vinh-phuc-thai-nguyen.html,1.0.0
CD-0102,CUNG_DUONG,CD_HOA_BINH_SON_LA,/shop/cam-nang/chu-de/cd-hoa-binh-son-la.html,1.0.0
HD-0102,HOI_DAP,HD_DUONG_DI_DIA_DIEM,/shop/cam-nang/chu-de/hd-duong-di-dia-diem.html,1.0.0
KN-0103,KINH_NGHIEM,KN_DUONG_PHO_LON,/shop/cam-nang/chu-de/kn-duong-pho-lon.html,1.0.0
AT-0103,AN_TOAN,AT_KY_NANG_NANG_CAO,/shop/cam-nang/chu-de/at-ky-nang-nang-cao.html,1.0.0
XM-0103,XE_MAY,XM_BAO_DUONG_KIEM_TRA,/shop/cam-nang/chu-de/xm-bao-duong-kiem-tra.html,1.0.0
DL-0103,DU_LICH,DL_VINH_PHUC_THAI_NGUYEN,/shop/cam-nang/chu-de/dl-vinh-phuc-thai-nguyen.html,1.0.0
CD-0103,CUNG_DUONG,CD_HOA_BINH_SON_LA,/shop/cam-nang/chu-de/cd-hoa-binh-son-la.html,1.0.0
HD-0103,HOI_DAP,HD_DUONG_DI_DIA_DIEM,/shop/cam-nang/chu-de/hd-duong-di-dia-diem.html,1.0.0
KN-0104,KINH_NGHIEM,KN_TINH_HUONG_DOI_SONG,/shop/cam-nang/chu-de/kn-tinh-huong-doi-song.html,1.0.0
AT-0104,AN_TOAN,AT_KY_NANG_NANG_CAO,/shop/cam-nang/chu-de/at-ky-nang-nang-cao.html,1.0.0
XM-0104,XE_MAY,XM_BAO_DUONG_KIEM_TRA,/shop/cam-nang/chu-de/xm-bao-duong-kiem-tra.html,1.0.0
DL-0104,DU_LICH,DL_VINH_PHUC_THAI_NGUYEN,/shop/cam-nang/chu-de/dl-vinh-phuc-thai-nguyen.html,1.0.0
CD-0104,CUNG_DUONG,CD_HOA_BINH_SON_LA,/shop/cam-nang/chu-de/cd-hoa-binh-son-la.html,1.0.0
HD-0104,HOI_DAP,HD_DUONG_DI_DIA_DIEM,/shop/cam-nang/chu-de/hd-duong-di-dia-diem.html,1.0.0
KN-0105,KINH_NGHIEM,KN_TINH_HUONG_DOI_SONG,/shop/cam-nang/chu-de/kn-tinh-huong-doi-song.html,1.0.0
AT-0105,AN_TOAN,AT_KY_NANG_NANG_CAO,/shop/cam-nang/chu-de/at-ky-nang-nang-cao.html,1.0.0
XM-0105,XE_MAY,XM_BAO_DUONG_KIEM_TRA,/shop/cam-nang/chu-de/xm-bao-duong-kiem-tra.html,1.0.0
DL-0105,DU_LICH,DL_VINH_PHUC_THAI_NGUYEN,/shop/cam-nang/chu-de/dl-vinh-phuc-thai-nguyen.html,1.0.0
CD-0105,CUNG_DUONG,CD_PHU_THO_VINH_PHUC,/shop/cam-nang/chu-de/cd-phu-tho-vinh-phuc.html,1.0.0
HD-0105,HOI_DAP,HD_DUONG_DI_DIA_DIEM,/shop/cam-nang/chu-de/hd-duong-di-dia-diem.html,1.0.0
KN-0106,KINH_NGHIEM,KN_THUE_XE_CO_BAN,/shop/cam-nang/chu-de/kn-thue-xe-co-ban.html,1.0.0
AT-0106,AN_TOAN,AT_KY_NANG_NANG_CAO,/shop/cam-nang/chu-de/at-ky-nang-nang-cao.html,1.0.0
XM-0106,XE_MAY,XM_BAO_DUONG_KIEM_TRA,/shop/cam-nang/chu-de/xm-bao-duong-kiem-tra.html,1.0.0
DL-0106,DU_LICH,DL_VINH_PHUC_THAI_NGUYEN,/shop/cam-nang/chu-de/dl-vinh-phuc-thai-nguyen.html,1.0.0
CD-0106,CUNG_DUONG,CD_PHU_THO_VINH_PHUC,/shop/cam-nang/chu-de/cd-phu-tho-vinh-phuc.html,1.0.0
HD-0106,HOI_DAP,HD_BAI_GUI_XE,/shop/cam-nang/chu-de/hd-bai-gui-xe.html,1.0.0
KN-0107,KINH_NGHIEM,KN_THUE_XE_CO_BAN,/shop/cam-nang/chu-de/kn-thue-xe-co-ban.html,1.0.0
AT-0107,AN_TOAN,AT_KY_NANG_NANG_CAO,/shop/cam-nang/chu-de/at-ky-nang-nang-cao.html,1.0.0
XM-0107,XE_MAY,XM_BAO_DUONG_KIEM_TRA,/shop/cam-nang/chu-de/xm-bao-duong-kiem-tra.html,1.0.0
DL-0107,DU_LICH,DL_VINH_PHUC_THAI_NGUYEN,/shop/cam-nang/chu-de/dl-vinh-phuc-thai-nguyen.html,1.0.0
CD-0107,CUNG_DUONG,CD_PHU_THO_VINH_PHUC,/shop/cam-nang/chu-de/cd-phu-tho-vinh-phuc.html,1.0.0
HD-0107,HOI_DAP,HD_DUONG_DI_DIA_DIEM,/shop/cam-nang/chu-de/hd-duong-di-dia-diem.html,1.0.0
KN-0108,KINH_NGHIEM,KN_THUE_XE_CO_BAN,/shop/cam-nang/chu-de/kn-thue-xe-co-ban.html,1.0.0
AT-0108,AN_TOAN,AT_KY_NANG_NANG_CAO,/shop/cam-nang/chu-de/at-ky-nang-nang-cao.html,1.0.0
XM-0108,XE_MAY,XM_BAO_DUONG_KIEM_TRA,/shop/cam-nang/chu-de/xm-bao-duong-kiem-tra.html,1.0.0
DL-0108,DU_LICH,DL_VINH_PHUC_THAI_NGUYEN,/shop/cam-nang/chu-de/dl-vinh-phuc-thai-nguyen.html,1.0.0
CD-0108,CUNG_DUONG,CD_PHU_THO_VINH_PHUC,/shop/cam-nang/chu-de/cd-phu-tho-vinh-phuc.html,1.0.0
HD-0108,HOI_DAP,HD_DUONG_DI_DIA_DIEM,/shop/cam-nang/chu-de/hd-duong-di-dia-diem.html,1.0.0
KN-0109,KINH_NGHIEM,KN_TINH_HUONG_DOI_SONG,/shop/cam-nang/chu-de/kn-tinh-huong-doi-song.html,1.0.0
AT-0109,AN_TOAN,AT_KY_NANG_NANG_CAO,/shop/cam-nang/chu-de/at-ky-nang-nang-cao.html,1.0.0
XM-0109,XE_MAY,XM_BAO_DUONG_KIEM_TRA,/shop/cam-nang/chu-de/xm-bao-duong-kiem-tra.html,1.0.0
DL-0109,DU_LICH,DL_VINH_PHUC_THAI_NGUYEN,/shop/cam-nang/chu-de/dl-vinh-phuc-thai-nguyen.html,1.0.0
CD-0109,CUNG_DUONG,CD_PHU_THO_VINH_PHUC,/shop/cam-nang/chu-de/cd-phu-tho-vinh-phuc.html,1.0.0
HD-0109,HOI_DAP,HD_DUONG_DI_DIA_DIEM,/shop/cam-nang/chu-de/hd-duong-di-dia-diem.html,1.0.0
KN-0110,KINH_NGHIEM,KN_TINH_HUONG_DOI_SONG,/shop/cam-nang/chu-de/kn-tinh-huong-doi-song.html,1.0.0
AT-0110,AN_TOAN,AT_KY_NANG_NANG_CAO,/shop/cam-nang/chu-de/at-ky-nang-nang-cao.html,1.0.0
XM-0110,XE_MAY,XM_BAO_DUONG_KIEM_TRA,/shop/cam-nang/chu-de/xm-bao-duong-kiem-tra.html,1.0.0
DL-0110,DU_LICH,DL_VINH_PHUC_THAI_NGUYEN,/shop/cam-nang/chu-de/dl-vinh-phuc-thai-nguyen.html,1.0.0
CD-0110,CUNG_DUONG,CD_PHU_THO_VINH_PHUC,/shop/cam-nang/chu-de/cd-phu-tho-vinh-phuc.html,1.0.0
HD-0110,HOI_DAP,HD_DUONG_DI_DIA_DIEM,/shop/cam-nang/chu-de/hd-duong-di-dia-diem.html,1.0.0
KN-0111,KINH_NGHIEM,KN_TINH_HUONG_DOI_SONG,/shop/cam-nang/chu-de/kn-tinh-huong-doi-song.html,1.0.0
AT-0111,AN_TOAN,AT_KY_NANG_NANG_CAO,/shop/cam-nang/chu-de/at-ky-nang-nang-cao.html,1.0.0
XM-0111,XE_MAY,XM_BAO_DUONG_KIEM_TRA,/shop/cam-nang/chu-de/xm-bao-duong-kiem-tra.html,1.0.0
DL-0111,DU_LICH,DL_VINH_PHUC_THAI_NGUYEN,/shop/cam-nang/chu-de/dl-vinh-phuc-thai-nguyen.html,1.0.0
CD-0111,CUNG_DUONG,CD_HA_GIANG_DONG_BAC_CA,/shop/cam-nang/chu-de/cd-ha-giang-dong-bac-ca.html,1.0.0
HD-0111,HOI_DAP,HD_DUONG_DI_DIA_DIEM,/shop/cam-nang/chu-de/hd-duong-di-dia-diem.html,1.0.0
KN-0112,KINH_NGHIEM,KN_TINH_HUONG_DOI_SONG,/shop/cam-nang/chu-de/kn-tinh-huong-doi-song.html,1.0.0
AT-0112,AN_TOAN,AT_KY_NANG_NANG_CAO,/shop/cam-nang/chu-de/at-ky-nang-nang-cao.html,1.0.0
XM-0112,XE_MAY,XM_BAO_DUONG_KIEM_TRA,/shop/cam-nang/chu-de/xm-bao-duong-kiem-tra.html,1.0.0
DL-0112,DU_LICH,DL_VINH_PHUC_THAI_NGUYEN,/shop/cam-nang/chu-de/dl-vinh-phuc-thai-nguyen.html,1.0.0
CD-0112,CUNG_DUONG,CD_HA_GIANG_DONG_BAC_CA,/shop/cam-nang/chu-de/cd-ha-giang-dong-bac-ca.html,1.0.0
HD-0112,HOI_DAP,HD_DUONG_DI_DIA_DIEM,/shop/cam-nang/chu-de/hd-duong-di-dia-diem.html,1.0.0
KN-0113,KINH_NGHIEM,KN_TINH_HUONG_DOI_SONG,/shop/cam-nang/chu-de/kn-tinh-huong-doi-song.html,1.0.0
AT-0113,AN_TOAN,AT_KY_NANG_NANG_CAO,/shop/cam-nang/chu-de/at-ky-nang-nang-cao.html,1.0.0
XM-0113,XE_MAY,XM_BAO_DUONG_KIEM_TRA,/shop/cam-nang/chu-de/xm-bao-duong-kiem-tra.html,1.0.0
DL-0113,DU_LICH,DL_VINH_PHUC_THAI_NGUYEN,/shop/cam-nang/chu-de/dl-vinh-phuc-thai-nguyen.html,1.0.0
CD-0113,CUNG_DUONG,CD_HA_GIANG_DONG_BAC_CA,/shop/cam-nang/chu-de/cd-ha-giang-dong-bac-ca.html,1.0.0
HD-0113,HOI_DAP,HD_DUONG_DI_DIA_DIEM,/shop/cam-nang/chu-de/hd-duong-di-dia-diem.html,1.0.0
KN-0114,KINH_NGHIEM,KN_DUONG_PHO_LON,/shop/cam-nang/chu-de/kn-duong-pho-lon.html,1.0.0
AT-0114,AN_TOAN,AT_KY_NANG_NANG_CAO,/shop/cam-nang/chu-de/at-ky-nang-nang-cao.html,1.0.0
XM-0114,XE_MAY,XM_BAO_DUONG_KIEM_TRA,/shop/cam-nang/chu-de/xm-bao-duong-kiem-tra.html,1.0.0
DL-0114,DU_LICH,DL_VINH_PHUC_THAI_NGUYEN,/shop/cam-nang/chu-de/dl-vinh-phuc-thai-nguyen.html,1.0.0
CD-0114,CUNG_DUONG,CD_HA_GIANG_DONG_BAC_CA,/shop/cam-nang/chu-de/cd-ha-giang-dong-bac-ca.html,1.0.0
HD-0114,HOI_DAP,HD_DUONG_DI_DIA_DIEM,/shop/cam-nang/chu-de/hd-duong-di-dia-diem.html,1.0.0
KN-0115,KINH_NGHIEM,KN_THUE_XE_CO_BAN,/shop/cam-nang/chu-de/kn-thue-xe-co-ban.html,1.0.0
AT-0115,AN_TOAN,AT_KY_NANG_NANG_CAO,/shop/cam-nang/chu-de/at-ky-nang-nang-cao.html,1.0.0
XM-0115,XE_MAY,XM_BAO_DUONG_KIEM_TRA,/shop/cam-nang/chu-de/xm-bao-duong-kiem-tra.html,1.0.0
DL-0115,DU_LICH,DL_VINH_PHUC_THAI_NGUYEN,/shop/cam-nang/chu-de/dl-vinh-phuc-thai-nguyen.html,1.0.0
CD-0115,CUNG_DUONG,CD_HA_GIANG_DONG_BAC_CA,/shop/cam-nang/chu-de/cd-ha-giang-dong-bac-ca.html,1.0.0
HD-0115,HOI_DAP,HD_DUONG_DI_DIA_DIEM,/shop/cam-nang/chu-de/hd-duong-di-dia-diem.html,1.0.0
KN-0116,KINH_NGHIEM,KN_THUE_XE_CO_BAN,/shop/cam-nang/chu-de/kn-thue-xe-co-ban.html,1.0.0
AT-0116,AN_TOAN,AT_KY_NANG_NANG_CAO,/shop/cam-nang/chu-de/at-ky-nang-nang-cao.html,1.0.0
XM-0116,XE_MAY,XM_BAO_DUONG_KIEM_TRA,/shop/cam-nang/chu-de/xm-bao-duong-kiem-tra.html,1.0.0
DL-0116,DU_LICH,DL_VINH_PHUC_THAI_NGUYEN,/shop/cam-nang/chu-de/dl-vinh-phuc-thai-nguyen.html,1.0.0
CD-0116,CUNG_DUONG,CD_HA_GIANG_DONG_BAC_CA,/shop/cam-nang/chu-de/cd-ha-giang-dong-bac-ca.html,1.0.0
HD-0116,HOI_DAP,HD_DUONG_DI_DIA_DIEM,/shop/cam-nang/chu-de/hd-duong-di-dia-diem.html,1.0.0
KN-0117,KINH_NGHIEM,KN_TINH_HUONG_DOI_SONG,/shop/cam-nang/chu-de/kn-tinh-huong-doi-song.html,1.0.0
AT-0117,AN_TOAN,AT_KY_NANG_NANG_CAO,/shop/cam-nang/chu-de/at-ky-nang-nang-cao.html,1.0.0
XM-0117,XE_MAY,XM_BAO_DUONG_KIEM_TRA,/shop/cam-nang/chu-de/xm-bao-duong-kiem-tra.html,1.0.0
DL-0117,DU_LICH,DL_BAC_CAN_CAO_BANG,/shop/cam-nang/chu-de/dl-bac-can-cao-bang.html,1.0.0
CD-0117,CUNG_DUONG,CD_HA_GIANG_DONG_BAC_CA,/shop/cam-nang/chu-de/cd-ha-giang-dong-bac-ca.html,1.0.0
HD-0117,HOI_DAP,HD_DUONG_DI_DIA_DIEM,/shop/cam-nang/chu-de/hd-duong-di-dia-diem.html,1.0.0
KN-0118,KINH_NGHIEM,KN_TINH_HUONG_DOI_SONG,/shop/cam-nang/chu-de/kn-tinh-huong-doi-song.html,1.0.0
AT-0118,AN_TOAN,AT_KY_NANG_NANG_CAO,/shop/cam-nang/chu-de/at-ky-nang-nang-cao.html,1.0.0
XM-0118,XE_MAY,XM_BAO_DUONG_KIEM_TRA,/shop/cam-nang/chu-de/xm-bao-duong-kiem-tra.html,1.0.0
DL-0118,DU_LICH,DL_BAC_CAN_CAO_BANG,/shop/cam-nang/chu-de/dl-bac-can-cao-bang.html,1.0.0
CD-0118,CUNG_DUONG,CD_HA_GIANG_DONG_BAC_CA,/shop/cam-nang/chu-de/cd-ha-giang-dong-bac-ca.html,1.0.0
HD-0118,HOI_DAP,HD_DUONG_DI_DIA_DIEM,/shop/cam-nang/chu-de/hd-duong-di-dia-diem.html,1.0.0
KN-0119,KINH_NGHIEM,KN_TINH_HUONG_DOI_SONG,/shop/cam-nang/chu-de/kn-tinh-huong-doi-song.html,1.0.0
AT-0119,AN_TOAN,AT_KY_NANG_NANG_CAO,/shop/cam-nang/chu-de/at-ky-nang-nang-cao.html,1.0.0
XM-0119,XE_MAY,XM_BAO_DUONG_KIEM_TRA,/shop/cam-nang/chu-de/xm-bao-duong-kiem-tra.html,1.0.0
DL-0119,DU_LICH,DL_BAC_CAN_CAO_BANG,/shop/cam-nang/chu-de/dl-bac-can-cao-bang.html,1.0.0
CD-0119,CUNG_DUONG,CD_HA_GIANG_DONG_BAC_CA,/shop/cam-nang/chu-de/cd-ha-giang-dong-bac-ca.html,1.0.0
HD-0119,HOI_DAP,HD_DUONG_DI_DIA_DIEM,/shop/cam-nang/chu-de/hd-duong-di-dia-diem.html,1.0.0
KN-0120,KINH_NGHIEM,KN_TINH_HUONG_DOI_SONG,/shop/cam-nang/chu-de/kn-tinh-huong-doi-song.html,1.0.0
AT-0120,AN_TOAN,AT_KY_NANG_NANG_CAO,/shop/cam-nang/chu-de/at-ky-nang-nang-cao.html,1.0.0
XM-0120,XE_MAY,XM_BAO_DUONG_KIEM_TRA,/shop/cam-nang/chu-de/xm-bao-duong-kiem-tra.html,1.0.0
DL-0120,DU_LICH,DL_BAC_CAN_CAO_BANG,/shop/cam-nang/chu-de/dl-bac-can-cao-bang.html,1.0.0
CD-0120,CUNG_DUONG,CD_HA_GIANG_DONG_BAC_CA,/shop/cam-nang/chu-de/cd-ha-giang-dong-bac-ca.html,1.0.0
HD-0120,HOI_DAP,HD_BAI_GUI_XE,/shop/cam-nang/chu-de/hd-bai-gui-xe.html,1.0.0
KN-0121,KINH_NGHIEM,KN_TINH_HUONG_DOI_SONG,/shop/cam-nang/chu-de/kn-tinh-huong-doi-song.html,1.0.0
AT-0121,AN_TOAN,AT_KY_NANG_NANG_CAO,/shop/cam-nang/chu-de/at-ky-nang-nang-cao.html,1.0.0
XM-0121,XE_MAY,XM_BAO_DUONG_KIEM_TRA,/shop/cam-nang/chu-de/xm-bao-duong-kiem-tra.html,1.0.0
DL-0121,DU_LICH,DL_BAC_CAN_CAO_BANG,/shop/cam-nang/chu-de/dl-bac-can-cao-bang.html,1.0.0
CD-0121,CUNG_DUONG,CD_HA_GIANG_DONG_BAC_CA,/shop/cam-nang/chu-de/cd-ha-giang-dong-bac-ca.html,1.0.0
HD-0121,HOI_DAP,HD_BAI_GUI_XE,/shop/cam-nang/chu-de/hd-bai-gui-xe.html,1.0.0
KN-0122,KINH_NGHIEM,KN_THEO_KHU_VUC,/shop/cam-nang/chu-de/kn-theo-khu-vuc.html,1.0.0
AT-0122,AN_TOAN,AT_KY_NANG_NANG_CAO,/shop/cam-nang/chu-de/at-ky-nang-nang-cao.html,1.0.0
XM-0122,XE_MAY,XM_BAO_DUONG_KIEM_TRA,/shop/cam-nang/chu-de/xm-bao-duong-kiem-tra.html,1.0.0
DL-0122,DU_LICH,DL_BAC_CAN_CAO_BANG,/shop/cam-nang/chu-de/dl-bac-can-cao-bang.html,1.0.0
CD-0122,CUNG_DUONG,CD_HA_GIANG_DONG_BAC_CA,/shop/cam-nang/chu-de/cd-ha-giang-dong-bac-ca.html,1.0.0
HD-0122,HOI_DAP,HD_DUONG_DI_DIA_DIEM,/shop/cam-nang/chu-de/hd-duong-di-dia-diem.html,1.0.0
KN-0123,KINH_NGHIEM,KN_THEO_KHU_VUC,/shop/cam-nang/chu-de/kn-theo-khu-vuc.html,1.0.0
AT-0123,AN_TOAN,AT_LUAT_XU_PHAT,/shop/cam-nang/chu-de/at-luat-xu-phat.html,1.0.0
XM-0123,XE_MAY,XM_BAO_DUONG_KIEM_TRA,/shop/cam-nang/chu-de/xm-bao-duong-kiem-tra.html,1.0.0
DL-0123,DU_LICH,DL_BAC_CAN_CAO_BANG,/shop/cam-nang/chu-de/dl-bac-can-cao-bang.html,1.0.0
CD-0123,CUNG_DUONG,CD_HA_GIANG_DONG_BAC_CA,/shop/cam-nang/chu-de/cd-ha-giang-dong-bac-ca.html,1.0.0
HD-0123,HOI_DAP,HD_DUONG_DI_DIA_DIEM,/shop/cam-nang/chu-de/hd-duong-di-dia-diem.html,1.0.0
KN-0124,KINH_NGHIEM,KN_THEO_KHU_VUC,/shop/cam-nang/chu-de/kn-theo-khu-vuc.html,1.0.0
AT-0124,AN_TOAN,AT_KY_NANG_NANG_CAO,/shop/cam-nang/chu-de/at-ky-nang-nang-cao.html,1.0.0
XM-0124,XE_MAY,XM_BAO_DUONG_KIEM_TRA,/shop/cam-nang/chu-de/xm-bao-duong-kiem-tra.html,1.0.0
DL-0124,DU_LICH,DL_BAC_CAN_CAO_BANG,/shop/cam-nang/chu-de/dl-bac-can-cao-bang.html,1.0.0
CD-0124,CUNG_DUONG,CD_HA_GIANG_DONG_BAC_CA,/shop/cam-nang/chu-de/cd-ha-giang-dong-bac-ca.html,1.0.0
HD-0124,HOI_DAP,HD_DUONG_DI_DIA_DIEM,/shop/cam-nang/chu-de/hd-duong-di-dia-diem.html,1.0.0
KN-0125,KINH_NGHIEM,KN_THEO_KHU_VUC,/shop/cam-nang/chu-de/kn-theo-khu-vuc.html,1.0.0
AT-0125,AN_TOAN,AT_KY_NANG_NANG_CAO,/shop/cam-nang/chu-de/at-ky-nang-nang-cao.html,1.0.0
XM-0125,XE_MAY,XM_BAO_DUONG_KIEM_TRA,/shop/cam-nang/chu-de/xm-bao-duong-kiem-tra.html,1.0.0
DL-0125,DU_LICH,DL_BAC_CAN_CAO_BANG,/shop/cam-nang/chu-de/dl-bac-can-cao-bang.html,1.0.0
CD-0125,CUNG_DUONG,CD_DONG_BANG_VEN_BIEN,/shop/cam-nang/chu-de/cd-dong-bang-ven-bien.html,1.0.0
HD-0125,HOI_DAP,HD_DUONG_DI_DIA_DIEM,/shop/cam-nang/chu-de/hd-duong-di-dia-diem.html,1.0.0
KN-0126,KINH_NGHIEM,KN_THEO_KHU_VUC,/shop/cam-nang/chu-de/kn-theo-khu-vuc.html,1.0.0
AT-0126,AN_TOAN,AT_KY_NANG_NANG_CAO,/shop/cam-nang/chu-de/at-ky-nang-nang-cao.html,1.0.0
XM-0126,XE_MAY,XM_BAO_DUONG_KIEM_TRA,/shop/cam-nang/chu-de/xm-bao-duong-kiem-tra.html,1.0.0
DL-0126,DU_LICH,DL_BAC_CAN_CAO_BANG,/shop/cam-nang/chu-de/dl-bac-can-cao-bang.html,1.0.0
CD-0126,CUNG_DUONG,CD_DONG_BANG_VEN_BIEN,/shop/cam-nang/chu-de/cd-dong-bang-ven-bien.html,1.0.0
HD-0126,HOI_DAP,HD_DUONG_DI_DIA_DIEM,/shop/cam-nang/chu-de/hd-duong-di-dia-diem.html,1.0.0
KN-0127,KINH_NGHIEM,KN_THEO_KHU_VUC,/shop/cam-nang/chu-de/kn-theo-khu-vuc.html,1.0.0
AT-0127,AN_TOAN,AT_KY_NANG_NANG_CAO,/shop/cam-nang/chu-de/at-ky-nang-nang-cao.html,1.0.0
XM-0127,XE_MAY,XM_BAO_DUONG_KIEM_TRA,/shop/cam-nang/chu-de/xm-bao-duong-kiem-tra.html,1.0.0
DL-0127,DU_LICH,DL_BAC_CAN_CAO_BANG,/shop/cam-nang/chu-de/dl-bac-can-cao-bang.html,1.0.0
CD-0127,CUNG_DUONG,CD_DONG_BANG_VEN_BIEN,/shop/cam-nang/chu-de/cd-dong-bang-ven-bien.html,1.0.0
HD-0127,HOI_DAP,HD_DUONG_DI_DIA_DIEM,/shop/cam-nang/chu-de/hd-duong-di-dia-diem.html,1.0.0
KN-0128,KINH_NGHIEM,KN_THEO_KHU_VUC,/shop/cam-nang/chu-de/kn-theo-khu-vuc.html,1.0.0
AT-0128,AN_TOAN,AT_KY_NANG_NANG_CAO,/shop/cam-nang/chu-de/at-ky-nang-nang-cao.html,1.0.0
XM-0128,XE_MAY,XM_BAO_DUONG_KIEM_TRA,/shop/cam-nang/chu-de/xm-bao-duong-kiem-tra.html,1.0.0
DL-0128,DU_LICH,DL_BAC_CAN_CAO_BANG,/shop/cam-nang/chu-de/dl-bac-can-cao-bang.html,1.0.0
CD-0128,CUNG_DUONG,CD_PHU_THO_VINH_PHUC,/shop/cam-nang/chu-de/cd-phu-tho-vinh-phuc.html,1.0.0
HD-0128,HOI_DAP,HD_DUONG_DI_DIA_DIEM,/shop/cam-nang/chu-de/hd-duong-di-dia-diem.html,1.0.0
KN-0129,KINH_NGHIEM,KN_THEO_KHU_VUC,/shop/cam-nang/chu-de/kn-theo-khu-vuc.html,1.0.0
AT-0129,AN_TOAN,AT_KY_NANG_NANG_CAO,/shop/cam-nang/chu-de/at-ky-nang-nang-cao.html,1.0.0
XM-0129,XE_MAY,XM_BAO_DUONG_KIEM_TRA,/shop/cam-nang/chu-de/xm-bao-duong-kiem-tra.html,1.0.0
DL-0129,DU_LICH,DL_BAC_CAN_CAO_BANG,/shop/cam-nang/chu-de/dl-bac-can-cao-bang.html,1.0.0
CD-0129,CUNG_DUONG,CD_PHU_THO_VINH_PHUC,/shop/cam-nang/chu-de/cd-phu-tho-vinh-phuc.html,1.0.0
HD-0129,HOI_DAP,HD_DUONG_DI_DIA_DIEM,/shop/cam-nang/chu-de/hd-duong-di-dia-diem.html,1.0.0
KN-0130,KINH_NGHIEM,KN_THEO_KHU_VUC,/shop/cam-nang/chu-de/kn-theo-khu-vuc.html,1.0.0
AT-0130,AN_TOAN,AT_KY_NANG_NANG_CAO,/shop/cam-nang/chu-de/at-ky-nang-nang-cao.html,1.0.0
XM-0130,XE_MAY,XM_BAO_DUONG_KIEM_TRA,/shop/cam-nang/chu-de/xm-bao-duong-kiem-tra.html,1.0.0
DL-0130,DU_LICH,DL_BAC_CAN_CAO_BANG,/shop/cam-nang/chu-de/dl-bac-can-cao-bang.html,1.0.0
CD-0130,CUNG_DUONG,CD_PHU_THO_VINH_PHUC,/shop/cam-nang/chu-de/cd-phu-tho-vinh-phuc.html,1.0.0
HD-0130,HOI_DAP,HD_DUONG_DI_DIA_DIEM,/shop/cam-nang/chu-de/hd-duong-di-dia-diem.html,1.0.0
KN-0131,KINH_NGHIEM,KN_THEO_KHU_VUC,/shop/cam-nang/chu-de/kn-theo-khu-vuc.html,1.0.0
AT-0131,AN_TOAN,AT_KY_NANG_NANG_CAO,/shop/cam-nang/chu-de/at-ky-nang-nang-cao.html,1.0.0
XM-0131,XE_MAY,XM_BAO_DUONG_KIEM_TRA,/shop/cam-nang/chu-de/xm-bao-duong-kiem-tra.html,1.0.0
DL-0131,DU_LICH,DL_BAC_CAN_CAO_BANG,/shop/cam-nang/chu-de/dl-bac-can-cao-bang.html,1.0.0
CD-0131,CUNG_DUONG,CD_PHU_THO_VINH_PHUC,/shop/cam-nang/chu-de/cd-phu-tho-vinh-phuc.html,1.0.0
HD-0131,HOI_DAP,HD_DUONG_DI_DIA_DIEM,/shop/cam-nang/chu-de/hd-duong-di-dia-diem.html,1.0.0
KN-0132,KINH_NGHIEM,KN_THEO_KHU_VUC,/shop/cam-nang/chu-de/kn-theo-khu-vuc.html,1.0.0
AT-0132,AN_TOAN,AT_KY_NANG_NANG_CAO,/shop/cam-nang/chu-de/at-ky-nang-nang-cao.html,1.0.0
XM-0132,XE_MAY,XM_BAO_DUONG_KIEM_TRA,/shop/cam-nang/chu-de/xm-bao-duong-kiem-tra.html,1.0.0
DL-0132,DU_LICH,DL_BAC_CAN_CAO_BANG,/shop/cam-nang/chu-de/dl-bac-can-cao-bang.html,1.0.0
CD-0132,CUNG_DUONG,CD_PHU_THO_VINH_PHUC,/shop/cam-nang/chu-de/cd-phu-tho-vinh-phuc.html,1.0.0
HD-0132,HOI_DAP,HD_DUONG_DI_DIA_DIEM,/shop/cam-nang/chu-de/hd-duong-di-dia-diem.html,1.0.0
KN-0133,KINH_NGHIEM,KN_THEO_KHU_VUC,/shop/cam-nang/chu-de/kn-theo-khu-vuc.html,1.0.0
AT-0133,AN_TOAN,AT_KY_NANG_NANG_CAO,/shop/cam-nang/chu-de/at-ky-nang-nang-cao.html,1.0.0
XM-0133,XE_MAY,XM_BAO_DUONG_KIEM_TRA,/shop/cam-nang/chu-de/xm-bao-duong-kiem-tra.html,1.0.0
DL-0133,DU_LICH,DL_LANG_SON_HA_GIANG,/shop/cam-nang/chu-de/dl-lang-son-ha-giang.html,1.0.0
CD-0133,CUNG_DUONG,CD_PHU_THO_VINH_PHUC,/shop/cam-nang/chu-de/cd-phu-tho-vinh-phuc.html,1.0.0
HD-0133,HOI_DAP,HD_GIAY_TO_PHAP_LY,/shop/cam-nang/chu-de/hd-giay-to-phap-ly.html,1.0.0
KN-0134,KINH_NGHIEM,KN_THEO_KHU_VUC,/shop/cam-nang/chu-de/kn-theo-khu-vuc.html,1.0.0
AT-0134,AN_TOAN,AT_KY_NANG_NANG_CAO,/shop/cam-nang/chu-de/at-ky-nang-nang-cao.html,1.0.0
XM-0134,XE_MAY,XM_BAO_DUONG_KIEM_TRA,/shop/cam-nang/chu-de/xm-bao-duong-kiem-tra.html,1.0.0
DL-0134,DU_LICH,DL_LANG_SON_HA_GIANG,/shop/cam-nang/chu-de/dl-lang-son-ha-giang.html,1.0.0
CD-0134,CUNG_DUONG,CD_PHU_THO_VINH_PHUC,/shop/cam-nang/chu-de/cd-phu-tho-vinh-phuc.html,1.0.0
HD-0134,HOI_DAP,HD_GIAY_TO_PHAP_LY,/shop/cam-nang/chu-de/hd-giay-to-phap-ly.html,1.0.0
KN-0135,KINH_NGHIEM,KN_THEO_KHU_VUC,/shop/cam-nang/chu-de/kn-theo-khu-vuc.html,1.0.0
AT-0135,AN_TOAN,AT_KY_NANG_NANG_CAO,/shop/cam-nang/chu-de/at-ky-nang-nang-cao.html,1.0.0
XM-0135,XE_MAY,XM_BAO_DUONG_KIEM_TRA,/shop/cam-nang/chu-de/xm-bao-duong-kiem-tra.html,1.0.0
DL-0135,DU_LICH,DL_LANG_SON_HA_GIANG,/shop/cam-nang/chu-de/dl-lang-son-ha-giang.html,1.0.0
CD-0135,CUNG_DUONG,CD_PHU_THO_VINH_PHUC,/shop/cam-nang/chu-de/cd-phu-tho-vinh-phuc.html,1.0.0
HD-0135,HOI_DAP,HD_TRANG_BI,/shop/cam-nang/chu-de/hd-trang-bi.html,1.0.0
KN-0136,KINH_NGHIEM,KN_THEO_KHU_VUC,/shop/cam-nang/chu-de/kn-theo-khu-vuc.html,1.0.0
AT-0136,AN_TOAN,AT_KY_NANG_NANG_CAO,/shop/cam-nang/chu-de/at-ky-nang-nang-cao.html,1.0.0
XM-0136,XE_MAY,XM_BAO_DUONG_KIEM_TRA,/shop/cam-nang/chu-de/xm-bao-duong-kiem-tra.html,1.0.0
DL-0136,DU_LICH,DL_LANG_SON_HA_GIANG,/shop/cam-nang/chu-de/dl-lang-son-ha-giang.html,1.0.0
CD-0136,CUNG_DUONG,CD_PHU_THO_VINH_PHUC,/shop/cam-nang/chu-de/cd-phu-tho-vinh-phuc.html,1.0.0
HD-0136,HOI_DAP,HD_TRANG_BI,/shop/cam-nang/chu-de/hd-trang-bi.html,1.0.0
KN-0137,KINH_NGHIEM,KN_THEO_KHU_VUC,/shop/cam-nang/chu-de/kn-theo-khu-vuc.html,1.0.0
AT-0137,AN_TOAN,AT_KY_NANG_NANG_CAO,/shop/cam-nang/chu-de/at-ky-nang-nang-cao.html,1.0.0
XM-0137,XE_MAY,XM_BAO_DUONG_KIEM_TRA,/shop/cam-nang/chu-de/xm-bao-duong-kiem-tra.html,1.0.0
DL-0137,DU_LICH,DL_LANG_SON_HA_GIANG,/shop/cam-nang/chu-de/dl-lang-son-ha-giang.html,1.0.0
CD-0137,CUNG_DUONG,CD_PHU_THO_VINH_PHUC,/shop/cam-nang/chu-de/cd-phu-tho-vinh-phuc.html,1.0.0
HD-0137,HOI_DAP,HD_TRANG_BI,/shop/cam-nang/chu-de/hd-trang-bi.html,1.0.0
KN-0138,KINH_NGHIEM,KN_THEO_KHU_VUC,/shop/cam-nang/chu-de/kn-theo-khu-vuc.html,1.0.0
AT-0138,AN_TOAN,AT_KY_NANG_NANG_CAO,/shop/cam-nang/chu-de/at-ky-nang-nang-cao.html,1.0.0
XM-0138,XE_MAY,XM_BAO_DUONG_KIEM_TRA,/shop/cam-nang/chu-de/xm-bao-duong-kiem-tra.html,1.0.0
DL-0138,DU_LICH,DL_LANG_SON_HA_GIANG,/shop/cam-nang/chu-de/dl-lang-son-ha-giang.html,1.0.0
CD-0138,CUNG_DUONG,CD_PHU_THO_VINH_PHUC,/shop/cam-nang/chu-de/cd-phu-tho-vinh-phuc.html,1.0.0
HD-0138,HOI_DAP,HD_GIAY_TO_PHAP_LY,/shop/cam-nang/chu-de/hd-giay-to-phap-ly.html,1.0.0
KN-0139,KINH_NGHIEM,KN_THEO_KHU_VUC,/shop/cam-nang/chu-de/kn-theo-khu-vuc.html,1.0.0
AT-0139,AN_TOAN,AT_KY_NANG_NANG_CAO,/shop/cam-nang/chu-de/at-ky-nang-nang-cao.html,1.0.0
XM-0139,XE_MAY,XM_BAO_DUONG_KIEM_TRA,/shop/cam-nang/chu-de/xm-bao-duong-kiem-tra.html,1.0.0
DL-0139,DU_LICH,DL_LANG_SON_HA_GIANG,/shop/cam-nang/chu-de/dl-lang-son-ha-giang.html,1.0.0
CD-0139,CUNG_DUONG,CD_PHU_THO_VINH_PHUC,/shop/cam-nang/chu-de/cd-phu-tho-vinh-phuc.html,1.0.0
HD-0139,HOI_DAP,HD_TRANG_BI,/shop/cam-nang/chu-de/hd-trang-bi.html,1.0.0
KN-0140,KINH_NGHIEM,KN_THEO_KHU_VUC,/shop/cam-nang/chu-de/kn-theo-khu-vuc.html,1.0.0
AT-0140,AN_TOAN,AT_KY_NANG_NANG_CAO,/shop/cam-nang/chu-de/at-ky-nang-nang-cao.html,1.0.0
XM-0140,XE_MAY,XM_PHU_KIEN_DO_DUNG,/shop/cam-nang/chu-de/xm-phu-kien-do-dung.html,1.0.0
DL-0140,DU_LICH,DL_LANG_SON_HA_GIANG,/shop/cam-nang/chu-de/dl-lang-son-ha-giang.html,1.0.0
CD-0140,CUNG_DUONG,CD_PHU_THO_VINH_PHUC,/shop/cam-nang/chu-de/cd-phu-tho-vinh-phuc.html,1.0.0
HD-0140,HOI_DAP,HD_GIAY_TO_PHAP_LY,/shop/cam-nang/chu-de/hd-giay-to-phap-ly.html,1.0.0
KN-0141,KINH_NGHIEM,KN_THEO_KHU_VUC,/shop/cam-nang/chu-de/kn-theo-khu-vuc.html,1.0.0
AT-0141,AN_TOAN,AT_KY_NANG_NANG_CAO,/shop/cam-nang/chu-de/at-ky-nang-nang-cao.html,1.0.0
XM-0141,XE_MAY,XM_PHU_KIEN_DO_DUNG,/shop/cam-nang/chu-de/xm-phu-kien-do-dung.html,1.0.0
DL-0141,DU_LICH,DL_LANG_SON_HA_GIANG,/shop/cam-nang/chu-de/dl-lang-son-ha-giang.html,1.0.0
CD-0141,CUNG_DUONG,CD_PHU_THO_VINH_PHUC,/shop/cam-nang/chu-de/cd-phu-tho-vinh-phuc.html,1.0.0
HD-0141,HOI_DAP,HD_TRANG_BI,/shop/cam-nang/chu-de/hd-trang-bi.html,1.0.0
KN-0142,KINH_NGHIEM,KN_THEO_KHU_VUC,/shop/cam-nang/chu-de/kn-theo-khu-vuc.html,1.0.0
AT-0142,AN_TOAN,AT_KY_NANG_NANG_CAO,/shop/cam-nang/chu-de/at-ky-nang-nang-cao.html,1.0.0
XM-0142,XE_MAY,XM_PHU_KIEN_DO_DUNG,/shop/cam-nang/chu-de/xm-phu-kien-do-dung.html,1.0.0
DL-0142,DU_LICH,DL_LANG_SON_HA_GIANG,/shop/cam-nang/chu-de/dl-lang-son-ha-giang.html,1.0.0
CD-0142,CUNG_DUONG,CD_PHU_THO_VINH_PHUC,/shop/cam-nang/chu-de/cd-phu-tho-vinh-phuc.html,1.0.0
HD-0142,HOI_DAP,HD_TRANG_BI,/shop/cam-nang/chu-de/hd-trang-bi.html,1.0.0
KN-0143,KINH_NGHIEM,KN_THEO_KHU_VUC,/shop/cam-nang/chu-de/kn-theo-khu-vuc.html,1.0.0
AT-0143,AN_TOAN,AT_KY_NANG_NANG_CAO,/shop/cam-nang/chu-de/at-ky-nang-nang-cao.html,1.0.0
XM-0143,XE_MAY,XM_PHU_KIEN_DO_DUNG,/shop/cam-nang/chu-de/xm-phu-kien-do-dung.html,1.0.0
DL-0143,DU_LICH,DL_LANG_SON_HA_GIANG,/shop/cam-nang/chu-de/dl-lang-son-ha-giang.html,1.0.0
CD-0143,CUNG_DUONG,CD_PHU_THO_VINH_PHUC,/shop/cam-nang/chu-de/cd-phu-tho-vinh-phuc.html,1.0.0
HD-0143,HOI_DAP,HD_TRANG_BI,/shop/cam-nang/chu-de/hd-trang-bi.html,1.0.0
KN-0144,KINH_NGHIEM,KN_THEO_KHU_VUC,/shop/cam-nang/chu-de/kn-theo-khu-vuc.html,1.0.0
AT-0144,AN_TOAN,AT_KY_NANG_NANG_CAO,/shop/cam-nang/chu-de/at-ky-nang-nang-cao.html,1.0.0
XM-0144,XE_MAY,XM_PHU_KIEN_DO_DUNG,/shop/cam-nang/chu-de/xm-phu-kien-do-dung.html,1.0.0
DL-0144,DU_LICH,DL_LANG_SON_HA_GIANG,/shop/cam-nang/chu-de/dl-lang-son-ha-giang.html,1.0.0
CD-0144,CUNG_DUONG,CD_PHU_THO_VINH_PHUC,/shop/cam-nang/chu-de/cd-phu-tho-vinh-phuc.html,1.0.0
HD-0144,HOI_DAP,HD_TRANG_BI,/shop/cam-nang/chu-de/hd-trang-bi.html,1.0.0
KN-0145,KINH_NGHIEM,KN_THEO_KHU_VUC,/shop/cam-nang/chu-de/kn-theo-khu-vuc.html,1.0.0
AT-0145,AN_TOAN,AT_KY_NANG_NANG_CAO,/shop/cam-nang/chu-de/at-ky-nang-nang-cao.html,1.0.0
XM-0145,XE_MAY,XM_PHU_KIEN_DO_DUNG,/shop/cam-nang/chu-de/xm-phu-kien-do-dung.html,1.0.0
DL-0145,DU_LICH,DL_LANG_SON_HA_GIANG,/shop/cam-nang/chu-de/dl-lang-son-ha-giang.html,1.0.0
CD-0145,CUNG_DUONG,CD_TAY_BAC_XA,/shop/cam-nang/chu-de/cd-tay-bac-xa.html,1.0.0
HD-0145,HOI_DAP,HD_TRANG_BI,/shop/cam-nang/chu-de/hd-trang-bi.html,1.0.0
KN-0146,KINH_NGHIEM,KN_THEO_KHU_VUC,/shop/cam-nang/chu-de/kn-theo-khu-vuc.html,1.0.0
AT-0146,AN_TOAN,AT_KY_NANG_NANG_CAO,/shop/cam-nang/chu-de/at-ky-nang-nang-cao.html,1.0.0
XM-0146,XE_MAY,XM_PHU_KIEN_DO_DUNG,/shop/cam-nang/chu-de/xm-phu-kien-do-dung.html,1.0.0
DL-0146,DU_LICH,DL_LANG_SON_HA_GIANG,/shop/cam-nang/chu-de/dl-lang-son-ha-giang.html,1.0.0
CD-0146,CUNG_DUONG,CD_TAY_BAC_XA,/shop/cam-nang/chu-de/cd-tay-bac-xa.html,1.0.0
HD-0146,HOI_DAP,HD_TRANG_BI,/shop/cam-nang/chu-de/hd-trang-bi.html,1.0.0
KN-0147,KINH_NGHIEM,KN_THEO_KHU_VUC,/shop/cam-nang/chu-de/kn-theo-khu-vuc.html,1.0.0
AT-0147,AN_TOAN,AT_KY_NANG_NANG_CAO,/shop/cam-nang/chu-de/at-ky-nang-nang-cao.html,1.0.0
XM-0147,XE_MAY,XM_PHU_KIEN_DO_DUNG,/shop/cam-nang/chu-de/xm-phu-kien-do-dung.html,1.0.0
DL-0147,DU_LICH,DL_LANG_SON_HA_GIANG,/shop/cam-nang/chu-de/dl-lang-son-ha-giang.html,1.0.0
CD-0147,CUNG_DUONG,CD_TAY_BAC_XA,/shop/cam-nang/chu-de/cd-tay-bac-xa.html,1.0.0
HD-0147,HOI_DAP,HD_GIAY_TO_PHAP_LY,/shop/cam-nang/chu-de/hd-giay-to-phap-ly.html,1.0.0
KN-0148,KINH_NGHIEM,KN_THEO_KHU_VUC,/shop/cam-nang/chu-de/kn-theo-khu-vuc.html,1.0.0
AT-0148,AN_TOAN,AT_KY_NANG_NANG_CAO,/shop/cam-nang/chu-de/at-ky-nang-nang-cao.html,1.0.0
XM-0148,XE_MAY,XM_PHU_KIEN_DO_DUNG,/shop/cam-nang/chu-de/xm-phu-kien-do-dung.html,1.0.0
DL-0148,DU_LICH,DL_LANG_SON_HA_GIANG,/shop/cam-nang/chu-de/dl-lang-son-ha-giang.html,1.0.0
CD-0148,CUNG_DUONG,CD_HA_GIANG_DONG_BAC_CA,/shop/cam-nang/chu-de/cd-ha-giang-dong-bac-ca.html,1.0.0
HD-0148,HOI_DAP,HD_TRANG_BI,/shop/cam-nang/chu-de/hd-trang-bi.html,1.0.0
KN-0149,KINH_NGHIEM,KN_THEO_KHU_VUC,/shop/cam-nang/chu-de/kn-theo-khu-vuc.html,1.0.0
AT-0149,AN_TOAN,AT_KY_NANG_NANG_CAO,/shop/cam-nang/chu-de/at-ky-nang-nang-cao.html,1.0.0
XM-0149,XE_MAY,XM_PHU_KIEN_DO_DUNG,/shop/cam-nang/chu-de/xm-phu-kien-do-dung.html,1.0.0
DL-0149,DU_LICH,DL_LANG_SON_HA_GIANG,/shop/cam-nang/chu-de/dl-lang-son-ha-giang.html,1.0.0
CD-0149,CUNG_DUONG,CD_HA_GIANG_DONG_BAC_CA,/shop/cam-nang/chu-de/cd-ha-giang-dong-bac-ca.html,1.0.0
HD-0149,HOI_DAP,HD_GIAY_TO_PHAP_LY,/shop/cam-nang/chu-de/hd-giay-to-phap-ly.html,1.0.0
KN-0150,KINH_NGHIEM,KN_THEO_KHU_VUC,/shop/cam-nang/chu-de/kn-theo-khu-vuc.html,1.0.0
AT-0150,AN_TOAN,AT_KY_NANG_NANG_CAO,/shop/cam-nang/chu-de/at-ky-nang-nang-cao.html,1.0.0
XM-0150,XE_MAY,XM_PHU_KIEN_DO_DUNG,/shop/cam-nang/chu-de/xm-phu-kien-do-dung.html,1.0.0
DL-0150,DU_LICH,DL_LANG_SON_HA_GIANG,/shop/cam-nang/chu-de/dl-lang-son-ha-giang.html,1.0.0
CD-0150,CUNG_DUONG,CD_HA_GIANG_DONG_BAC_CA,/shop/cam-nang/chu-de/cd-ha-giang-dong-bac-ca.html,1.0.0
HD-0150,HOI_DAP,HD_TRANG_BI,/shop/cam-nang/chu-de/hd-trang-bi.html,1.0.0
KN-0151,KINH_NGHIEM,KN_THEO_KHU_VUC,/shop/cam-nang/chu-de/kn-theo-khu-vuc.html,1.0.0
AT-0151,AN_TOAN,AT_KY_NANG_NANG_CAO,/shop/cam-nang/chu-de/at-ky-nang-nang-cao.html,1.0.0
XM-0151,XE_MAY,XM_PHU_KIEN_DO_DUNG,/shop/cam-nang/chu-de/xm-phu-kien-do-dung.html,1.0.0
DL-0151,DU_LICH,DL_LANG_SON_HA_GIANG,/shop/cam-nang/chu-de/dl-lang-son-ha-giang.html,1.0.0
CD-0151,CUNG_DUONG,CD_HA_GIANG_DONG_BAC_CA,/shop/cam-nang/chu-de/cd-ha-giang-dong-bac-ca.html,1.0.0
HD-0151,HOI_DAP,HD_GIAY_TO_PHAP_LY,/shop/cam-nang/chu-de/hd-giay-to-phap-ly.html,1.0.0
KN-0152,KINH_NGHIEM,KN_THEO_KHU_VUC,/shop/cam-nang/chu-de/kn-theo-khu-vuc.html,1.0.0
AT-0152,AN_TOAN,AT_KY_NANG_NANG_CAO,/shop/cam-nang/chu-de/at-ky-nang-nang-cao.html,1.0.0
XM-0152,XE_MAY,XM_PHU_KIEN_DO_DUNG,/shop/cam-nang/chu-de/xm-phu-kien-do-dung.html,1.0.0
DL-0152,DU_LICH,DL_LANG_SON_HA_GIANG,/shop/cam-nang/chu-de/dl-lang-son-ha-giang.html,1.0.0
CD-0152,CUNG_DUONG,CD_HA_GIANG_DONG_BAC_CA,/shop/cam-nang/chu-de/cd-ha-giang-dong-bac-ca.html,1.0.0
HD-0152,HOI_DAP,HD_XE_MAY_DIEN,/shop/cam-nang/chu-de/hd-xe-may-dien.html,1.0.0
KN-0153,KINH_NGHIEM,KN_THEO_KHU_VUC,/shop/cam-nang/chu-de/kn-theo-khu-vuc.html,1.0.0
AT-0153,AN_TOAN,AT_KY_NANG_NANG_CAO,/shop/cam-nang/chu-de/at-ky-nang-nang-cao.html,1.0.0
XM-0153,XE_MAY,XM_PHU_KIEN_DO_DUNG,/shop/cam-nang/chu-de/xm-phu-kien-do-dung.html,1.0.0
DL-0153,DU_LICH,DL_SAPA_LAO_CAI_YEN_BAI,/shop/cam-nang/chu-de/dl-sapa-lao-cai-yen-bai.html,1.0.0
CD-0153,CUNG_DUONG,CD_HA_GIANG_DONG_BAC_CA,/shop/cam-nang/chu-de/cd-ha-giang-dong-bac-ca.html,1.0.0
HD-0153,HOI_DAP,HD_TRANG_BI,/shop/cam-nang/chu-de/hd-trang-bi.html,1.0.0
KN-0154,KINH_NGHIEM,KN_THEO_KHU_VUC,/shop/cam-nang/chu-de/kn-theo-khu-vuc.html,1.0.0
AT-0154,AN_TOAN,AT_KY_NANG_NANG_CAO,/shop/cam-nang/chu-de/at-ky-nang-nang-cao.html,1.0.0
XM-0154,XE_MAY,XM_PHU_KIEN_DO_DUNG,/shop/cam-nang/chu-de/xm-phu-kien-do-dung.html,1.0.0
DL-0154,DU_LICH,DL_SAPA_LAO_CAI_YEN_BAI,/shop/cam-nang/chu-de/dl-sapa-lao-cai-yen-bai.html,1.0.0
CD-0154,CUNG_DUONG,CD_TAY_BAC_XA,/shop/cam-nang/chu-de/cd-tay-bac-xa.html,1.0.0
HD-0154,HOI_DAP,HD_GIAY_TO_PHAP_LY,/shop/cam-nang/chu-de/hd-giay-to-phap-ly.html,1.0.0
KN-0155,KINH_NGHIEM,KN_THEO_KHU_VUC,/shop/cam-nang/chu-de/kn-theo-khu-vuc.html,1.0.0
AT-0155,AN_TOAN,AT_KY_NANG_NANG_CAO,/shop/cam-nang/chu-de/at-ky-nang-nang-cao.html,1.0.0
XM-0155,XE_MAY,XM_PHU_KIEN_DO_DUNG,/shop/cam-nang/chu-de/xm-phu-kien-do-dung.html,1.0.0
DL-0155,DU_LICH,DL_SAPA_LAO_CAI_YEN_BAI,/shop/cam-nang/chu-de/dl-sapa-lao-cai-yen-bai.html,1.0.0
CD-0155,CUNG_DUONG,CD_TAY_BAC_XA,/shop/cam-nang/chu-de/cd-tay-bac-xa.html,1.0.0
HD-0155,HOI_DAP,HD_TRANG_BI,/shop/cam-nang/chu-de/hd-trang-bi.html,1.0.0
KN-0156,KINH_NGHIEM,KN_THEO_KHU_VUC,/shop/cam-nang/chu-de/kn-theo-khu-vuc.html,1.0.0
AT-0156,AN_TOAN,AT_KY_NANG_NANG_CAO,/shop/cam-nang/chu-de/at-ky-nang-nang-cao.html,1.0.0
XM-0156,XE_MAY,XM_PHU_KIEN_DO_DUNG,/shop/cam-nang/chu-de/xm-phu-kien-do-dung.html,1.0.0
DL-0156,DU_LICH,DL_SAPA_LAO_CAI_YEN_BAI,/shop/cam-nang/chu-de/dl-sapa-lao-cai-yen-bai.html,1.0.0
CD-0156,CUNG_DUONG,CD_TAY_BAC_XA,/shop/cam-nang/chu-de/cd-tay-bac-xa.html,1.0.0
HD-0156,HOI_DAP,HD_CHI_PHI,/shop/cam-nang/chu-de/hd-chi-phi.html,1.0.0
KN-0157,KINH_NGHIEM,KN_THEO_KHU_VUC,/shop/cam-nang/chu-de/kn-theo-khu-vuc.html,1.0.0
AT-0157,AN_TOAN,AT_KY_NANG_NANG_CAO,/shop/cam-nang/chu-de/at-ky-nang-nang-cao.html,1.0.0
XM-0157,XE_MAY,XM_PHU_KIEN_DO_DUNG,/shop/cam-nang/chu-de/xm-phu-kien-do-dung.html,1.0.0
DL-0157,DU_LICH,DL_SAPA_LAO_CAI_YEN_BAI,/shop/cam-nang/chu-de/dl-sapa-lao-cai-yen-bai.html,1.0.0
CD-0157,CUNG_DUONG,CD_TAY_BAC_XA,/shop/cam-nang/chu-de/cd-tay-bac-xa.html,1.0.0
HD-0157,HOI_DAP,HD_BAI_GUI_XE,/shop/cam-nang/chu-de/hd-bai-gui-xe.html,1.0.0
KN-0158,KINH_NGHIEM,KN_THEO_KHU_VUC,/shop/cam-nang/chu-de/kn-theo-khu-vuc.html,1.0.0
AT-0158,AN_TOAN,AT_CHAY_DEM_DEN_XE,/shop/cam-nang/chu-de/at-chay-dem-den-xe.html,1.0.0
XM-0158,XE_MAY,XM_PHU_KIEN_DO_DUNG,/shop/cam-nang/chu-de/xm-phu-kien-do-dung.html,1.0.0
DL-0158,DU_LICH,DL_SAPA_LAO_CAI_YEN_BAI,/shop/cam-nang/chu-de/dl-sapa-lao-cai-yen-bai.html,1.0.0
CD-0158,CUNG_DUONG,CD_TAY_BAC_XA,/shop/cam-nang/chu-de/cd-tay-bac-xa.html,1.0.0
HD-0158,HOI_DAP,HD_CHI_PHI,/shop/cam-nang/chu-de/hd-chi-phi.html,1.0.0
KN-0159,KINH_NGHIEM,KN_THEO_KHU_VUC,/shop/cam-nang/chu-de/kn-theo-khu-vuc.html,1.0.0
AT-0159,AN_TOAN,AT_CHAY_DEM_DEN_XE,/shop/cam-nang/chu-de/at-chay-dem-den-xe.html,1.0.0
XM-0159,XE_MAY,XM_PHU_KIEN_DO_DUNG,/shop/cam-nang/chu-de/xm-phu-kien-do-dung.html,1.0.0
DL-0159,DU_LICH,DL_SAPA_LAO_CAI_YEN_BAI,/shop/cam-nang/chu-de/dl-sapa-lao-cai-yen-bai.html,1.0.0
CD-0159,CUNG_DUONG,CD_TAY_BAC_XA,/shop/cam-nang/chu-de/cd-tay-bac-xa.html,1.0.0
HD-0159,HOI_DAP,HD_DUONG_DI_DIA_DIEM,/shop/cam-nang/chu-de/hd-duong-di-dia-diem.html,1.0.0
KN-0160,KINH_NGHIEM,KN_THEO_KHU_VUC,/shop/cam-nang/chu-de/kn-theo-khu-vuc.html,1.0.0
AT-0160,AN_TOAN,AT_CHAY_DEM_DEN_XE,/shop/cam-nang/chu-de/at-chay-dem-den-xe.html,1.0.0
XM-0160,XE_MAY,XM_PHU_KIEN_DO_DUNG,/shop/cam-nang/chu-de/xm-phu-kien-do-dung.html,1.0.0
DL-0160,DU_LICH,DL_SAPA_LAO_CAI_YEN_BAI,/shop/cam-nang/chu-de/dl-sapa-lao-cai-yen-bai.html,1.0.0
CD-0160,CUNG_DUONG,CD_TAY_BAC_XA,/shop/cam-nang/chu-de/cd-tay-bac-xa.html,1.0.0
HD-0160,HOI_DAP,HD_CHI_PHI,/shop/cam-nang/chu-de/hd-chi-phi.html,1.0.0
KN-0161,KINH_NGHIEM,KN_THEO_KHU_VUC,/shop/cam-nang/chu-de/kn-theo-khu-vuc.html,1.0.0
AT-0161,AN_TOAN,AT_CHAY_DEM_DEN_XE,/shop/cam-nang/chu-de/at-chay-dem-den-xe.html,1.0.0
XM-0161,XE_MAY,XM_PHU_KIEN_DO_DUNG,/shop/cam-nang/chu-de/xm-phu-kien-do-dung.html,1.0.0
DL-0161,DU_LICH,DL_SAPA_LAO_CAI_YEN_BAI,/shop/cam-nang/chu-de/dl-sapa-lao-cai-yen-bai.html,1.0.0
CD-0161,CUNG_DUONG,CD_TAY_BAC_XA,/shop/cam-nang/chu-de/cd-tay-bac-xa.html,1.0.0
HD-0161,HOI_DAP,HD_CHI_PHI,/shop/cam-nang/chu-de/hd-chi-phi.html,1.0.0
KN-0162,KINH_NGHIEM,KN_THEO_KHU_VUC,/shop/cam-nang/chu-de/kn-theo-khu-vuc.html,1.0.0
AT-0162,AN_TOAN,AT_KY_NANG_NANG_CAO,/shop/cam-nang/chu-de/at-ky-nang-nang-cao.html,1.0.0
XM-0162,XE_MAY,XM_PHU_KIEN_DO_DUNG,/shop/cam-nang/chu-de/xm-phu-kien-do-dung.html,1.0.0
DL-0162,DU_LICH,DL_SAPA_LAO_CAI_YEN_BAI,/shop/cam-nang/chu-de/dl-sapa-lao-cai-yen-bai.html,1.0.0
CD-0162,CUNG_DUONG,CD_TAY_BAC_XA,/shop/cam-nang/chu-de/cd-tay-bac-xa.html,1.0.0
HD-0162,HOI_DAP,HD_THUE_XE,/shop/cam-nang/chu-de/hd-thue-xe.html,1.0.0
KN-0163,KINH_NGHIEM,KN_THEO_KHU_VUC,/shop/cam-nang/chu-de/kn-theo-khu-vuc.html,1.0.0
AT-0163,AN_TOAN,AT_CHAY_DEM_DEN_XE,/shop/cam-nang/chu-de/at-chay-dem-den-xe.html,1.0.0
XM-0163,XE_MAY,XM_PHU_KIEN_DO_DUNG,/shop/cam-nang/chu-de/xm-phu-kien-do-dung.html,1.0.0
DL-0163,DU_LICH,DL_SAPA_LAO_CAI_YEN_BAI,/shop/cam-nang/chu-de/dl-sapa-lao-cai-yen-bai.html,1.0.0
CD-0163,CUNG_DUONG,CD_TAY_BAC_XA,/shop/cam-nang/chu-de/cd-tay-bac-xa.html,1.0.0
HD-0163,HOI_DAP,HD_DUONG_DI_DIA_DIEM,/shop/cam-nang/chu-de/hd-duong-di-dia-diem.html,1.0.0
KN-0164,KINH_NGHIEM,KN_THEO_KHU_VUC,/shop/cam-nang/chu-de/kn-theo-khu-vuc.html,1.0.0
AT-0164,AN_TOAN,AT_CHAY_DEM_DEN_XE,/shop/cam-nang/chu-de/at-chay-dem-den-xe.html,1.0.0
XM-0164,XE_MAY,XM_PHU_KIEN_DO_DUNG,/shop/cam-nang/chu-de/xm-phu-kien-do-dung.html,1.0.0
DL-0164,DU_LICH,DL_SAPA_LAO_CAI_YEN_BAI,/shop/cam-nang/chu-de/dl-sapa-lao-cai-yen-bai.html,1.0.0
CD-0164,CUNG_DUONG,CD_TAY_BAC_XA,/shop/cam-nang/chu-de/cd-tay-bac-xa.html,1.0.0
HD-0164,HOI_DAP,HD_CHI_PHI,/shop/cam-nang/chu-de/hd-chi-phi.html,1.0.0
KN-0165,KINH_NGHIEM,KN_THEO_KHU_VUC,/shop/cam-nang/chu-de/kn-theo-khu-vuc.html,1.0.0
AT-0165,AN_TOAN,AT_KY_NANG_NANG_CAO,/shop/cam-nang/chu-de/at-ky-nang-nang-cao.html,1.0.0
XM-0165,XE_MAY,XM_PHU_KIEN_DO_DUNG,/shop/cam-nang/chu-de/xm-phu-kien-do-dung.html,1.0.0
DL-0165,DU_LICH,DL_SAPA_LAO_CAI_YEN_BAI,/shop/cam-nang/chu-de/dl-sapa-lao-cai-yen-bai.html,1.0.0
CD-0165,CUNG_DUONG,CD_TAY_BAC_XA,/shop/cam-nang/chu-de/cd-tay-bac-xa.html,1.0.0
HD-0165,HOI_DAP,HD_CHI_PHI,/shop/cam-nang/chu-de/hd-chi-phi.html,1.0.0
KN-0166,KINH_NGHIEM,KN_THEO_KHU_VUC,/shop/cam-nang/chu-de/kn-theo-khu-vuc.html,1.0.0
AT-0166,AN_TOAN,AT_CHAY_DEM_DEN_XE,/shop/cam-nang/chu-de/at-chay-dem-den-xe.html,1.0.0
XM-0166,XE_MAY,XM_XE_MAY_DIEN,/shop/cam-nang/chu-de/xm-xe-may-dien.html,1.0.0
DL-0166,DU_LICH,DL_SAPA_LAO_CAI_YEN_BAI,/shop/cam-nang/chu-de/dl-sapa-lao-cai-yen-bai.html,1.0.0
CD-0166,CUNG_DUONG,CD_TAY_BAC_XA,/shop/cam-nang/chu-de/cd-tay-bac-xa.html,1.0.0
HD-0166,HOI_DAP,HD_CHI_PHI,/shop/cam-nang/chu-de/hd-chi-phi.html,1.0.0
KN-0167,KINH_NGHIEM,KN_THEO_KHU_VUC,/shop/cam-nang/chu-de/kn-theo-khu-vuc.html,1.0.0
AT-0167,AN_TOAN,AT_CHAY_DEM_DEN_XE,/shop/cam-nang/chu-de/at-chay-dem-den-xe.html,1.0.0
XM-0167,XE_MAY,XM_XE_MAY_DIEN,/shop/cam-nang/chu-de/xm-xe-may-dien.html,1.0.0
DL-0167,DU_LICH,DL_SAPA_LAO_CAI_YEN_BAI,/shop/cam-nang/chu-de/dl-sapa-lao-cai-yen-bai.html,1.0.0
CD-0167,CUNG_DUONG,CD_TAY_BAC_XA,/shop/cam-nang/chu-de/cd-tay-bac-xa.html,1.0.0
HD-0167,HOI_DAP,HD_CHI_PHI,/shop/cam-nang/chu-de/hd-chi-phi.html,1.0.0
KN-0168,KINH_NGHIEM,KN_THEO_KHU_VUC,/shop/cam-nang/chu-de/kn-theo-khu-vuc.html,1.0.0
AT-0168,AN_TOAN,AT_CHAY_DEM_DEN_XE,/shop/cam-nang/chu-de/at-chay-dem-den-xe.html,1.0.0
XM-0168,XE_MAY,XM_XE_MAY_DIEN,/shop/cam-nang/chu-de/xm-xe-may-dien.html,1.0.0
DL-0168,DU_LICH,DL_SAPA_LAO_CAI_YEN_BAI,/shop/cam-nang/chu-de/dl-sapa-lao-cai-yen-bai.html,1.0.0
CD-0168,CUNG_DUONG,CD_DONG_BANG_VEN_BIEN,/shop/cam-nang/chu-de/cd-dong-bang-ven-bien.html,1.0.0
HD-0168,HOI_DAP,HD_CHI_PHI,/shop/cam-nang/chu-de/hd-chi-phi.html,1.0.0
KN-0169,KINH_NGHIEM,KN_THEO_KHU_VUC,/shop/cam-nang/chu-de/kn-theo-khu-vuc.html,1.0.0
AT-0169,AN_TOAN,AT_CHAY_DEM_DEN_XE,/shop/cam-nang/chu-de/at-chay-dem-den-xe.html,1.0.0
XM-0169,XE_MAY,XM_XE_MAY_DIEN,/shop/cam-nang/chu-de/xm-xe-may-dien.html,1.0.0
DL-0169,DU_LICH,DL_SAPA_LAO_CAI_YEN_BAI,/shop/cam-nang/chu-de/dl-sapa-lao-cai-yen-bai.html,1.0.0
CD-0169,CUNG_DUONG,CD_DONG_BANG_VEN_BIEN,/shop/cam-nang/chu-de/cd-dong-bang-ven-bien.html,1.0.0
HD-0169,HOI_DAP,HD_CHI_PHI,/shop/cam-nang/chu-de/hd-chi-phi.html,1.0.0
KN-0170,KINH_NGHIEM,KN_THEO_KHU_VUC,/shop/cam-nang/chu-de/kn-theo-khu-vuc.html,1.0.0
AT-0170,AN_TOAN,AT_CHAY_DEM_DEN_XE,/shop/cam-nang/chu-de/at-chay-dem-den-xe.html,1.0.0
XM-0170,XE_MAY,XM_XE_MAY_DIEN,/shop/cam-nang/chu-de/xm-xe-may-dien.html,1.0.0
DL-0170,DU_LICH,DL_SAPA_LAO_CAI_YEN_BAI,/shop/cam-nang/chu-de/dl-sapa-lao-cai-yen-bai.html,1.0.0
CD-0170,CUNG_DUONG,CD_DONG_BANG_VEN_BIEN,/shop/cam-nang/chu-de/cd-dong-bang-ven-bien.html,1.0.0
HD-0170,HOI_DAP,HD_CHI_PHI,/shop/cam-nang/chu-de/hd-chi-phi.html,1.0.0
KN-0171,KINH_NGHIEM,KN_THEO_KHU_VUC,/shop/cam-nang/chu-de/kn-theo-khu-vuc.html,1.0.0
AT-0171,AN_TOAN,AT_CHAY_DEM_DEN_XE,/shop/cam-nang/chu-de/at-chay-dem-den-xe.html,1.0.0
XM-0171,XE_MAY,XM_XE_MAY_DIEN,/shop/cam-nang/chu-de/xm-xe-may-dien.html,1.0.0
DL-0171,DU_LICH,DL_SAPA_LAO_CAI_YEN_BAI,/shop/cam-nang/chu-de/dl-sapa-lao-cai-yen-bai.html,1.0.0
CD-0171,CUNG_DUONG,CD_HOA_BINH_SON_LA,/shop/cam-nang/chu-de/cd-hoa-binh-son-la.html,1.0.0
HD-0171,HOI_DAP,HD_CHI_PHI,/shop/cam-nang/chu-de/hd-chi-phi.html,1.0.0
KN-0172,KINH_NGHIEM,KN_THEO_KHU_VUC,/shop/cam-nang/chu-de/kn-theo-khu-vuc.html,1.0.0
AT-0172,AN_TOAN,AT_CHAY_DEM_DEN_XE,/shop/cam-nang/chu-de/at-chay-dem-den-xe.html,1.0.0
XM-0172,XE_MAY,XM_XE_MAY_DIEN,/shop/cam-nang/chu-de/xm-xe-may-dien.html,1.0.0
DL-0172,DU_LICH,DL_SAPA_LAO_CAI_YEN_BAI,/shop/cam-nang/chu-de/dl-sapa-lao-cai-yen-bai.html,1.0.0
CD-0172,CUNG_DUONG,CD_HOA_BINH_SON_LA,/shop/cam-nang/chu-de/cd-hoa-binh-son-la.html,1.0.0
HD-0172,HOI_DAP,HD_CHI_PHI,/shop/cam-nang/chu-de/hd-chi-phi.html,1.0.0
KN-0173,KINH_NGHIEM,KN_THEO_KHU_VUC,/shop/cam-nang/chu-de/kn-theo-khu-vuc.html,1.0.0
AT-0173,AN_TOAN,AT_MU_TRANG_BI,/shop/cam-nang/chu-de/at-mu-trang-bi.html,1.0.0
XM-0173,XE_MAY,XM_XE_MAY_DIEN,/shop/cam-nang/chu-de/xm-xe-may-dien.html,1.0.0
DL-0173,DU_LICH,DL_SAPA_LAO_CAI_YEN_BAI,/shop/cam-nang/chu-de/dl-sapa-lao-cai-yen-bai.html,1.0.0
CD-0173,CUNG_DUONG,CD_HOA_BINH_SON_LA,/shop/cam-nang/chu-de/cd-hoa-binh-son-la.html,1.0.0
HD-0173,HOI_DAP,HD_DUONG_DI_DIA_DIEM,/shop/cam-nang/chu-de/hd-duong-di-dia-diem.html,1.0.0
KN-0174,KINH_NGHIEM,KN_THEO_KHU_VUC,/shop/cam-nang/chu-de/kn-theo-khu-vuc.html,1.0.0
AT-0174,AN_TOAN,AT_MU_TRANG_BI,/shop/cam-nang/chu-de/at-mu-trang-bi.html,1.0.0
XM-0174,XE_MAY,XM_XE_MAY_DIEN,/shop/cam-nang/chu-de/xm-xe-may-dien.html,1.0.0
DL-0174,DU_LICH,DL_SAPA_LAO_CAI_YEN_BAI,/shop/cam-nang/chu-de/dl-sapa-lao-cai-yen-bai.html,1.0.0
CD-0174,CUNG_DUONG,CD_DONG_BANG_VEN_BIEN,/shop/cam-nang/chu-de/cd-dong-bang-ven-bien.html,1.0.0
HD-0174,HOI_DAP,HD_BAI_GUI_XE,/shop/cam-nang/chu-de/hd-bai-gui-xe.html,1.0.0
KN-0175,KINH_NGHIEM,KN_THEO_KHU_VUC,/shop/cam-nang/chu-de/kn-theo-khu-vuc.html,1.0.0
AT-0175,AN_TOAN,AT_MU_TRANG_BI,/shop/cam-nang/chu-de/at-mu-trang-bi.html,1.0.0
XM-0175,XE_MAY,XM_XE_MAY_DIEN,/shop/cam-nang/chu-de/xm-xe-may-dien.html,1.0.0
DL-0175,DU_LICH,DL_SAPA_LAO_CAI_YEN_BAI,/shop/cam-nang/chu-de/dl-sapa-lao-cai-yen-bai.html,1.0.0
CD-0175,CUNG_DUONG,CD_DONG_BANG_VEN_BIEN,/shop/cam-nang/chu-de/cd-dong-bang-ven-bien.html,1.0.0
HD-0175,HOI_DAP,HD_PHUOT_TRAI_NGHIEM,/shop/cam-nang/chu-de/hd-phuot-trai-nghiem.html,1.0.0
KN-0176,KINH_NGHIEM,KN_THEO_KHU_VUC,/shop/cam-nang/chu-de/kn-theo-khu-vuc.html,1.0.0
AT-0176,AN_TOAN,AT_MU_TRANG_BI,/shop/cam-nang/chu-de/at-mu-trang-bi.html,1.0.0
XM-0176,XE_MAY,XM_XE_MAY_DIEN,/shop/cam-nang/chu-de/xm-xe-may-dien.html,1.0.0
DL-0176,DU_LICH,DL_SAPA_LAO_CAI_YEN_BAI,/shop/cam-nang/chu-de/dl-sapa-lao-cai-yen-bai.html,1.0.0
CD-0176,CUNG_DUONG,CD_DONG_BANG_VEN_BIEN,/shop/cam-nang/chu-de/cd-dong-bang-ven-bien.html,1.0.0
HD-0176,HOI_DAP,HD_PHUOT_TRAI_NGHIEM,/shop/cam-nang/chu-de/hd-phuot-trai-nghiem.html,1.0.0
KN-0177,KINH_NGHIEM,KN_THEO_KHU_VUC,/shop/cam-nang/chu-de/kn-theo-khu-vuc.html,1.0.0
AT-0177,AN_TOAN,AT_MU_TRANG_BI,/shop/cam-nang/chu-de/at-mu-trang-bi.html,1.0.0
XM-0177,XE_MAY,XM_BAO_DUONG_KIEM_TRA,/shop/cam-nang/chu-de/xm-bao-duong-kiem-tra.html,1.0.0
DL-0177,DU_LICH,DL_SAPA_LAO_CAI_YEN_BAI,/shop/cam-nang/chu-de/dl-sapa-lao-cai-yen-bai.html,1.0.0
CD-0177,CUNG_DUONG,CD_DONG_BANG_VEN_BIEN,/shop/cam-nang/chu-de/cd-dong-bang-ven-bien.html,1.0.0
HD-0177,HOI_DAP,HD_DUONG_DI_DIA_DIEM,/shop/cam-nang/chu-de/hd-duong-di-dia-diem.html,1.0.0
KN-0178,KINH_NGHIEM,KN_THEO_KHU_VUC,/shop/cam-nang/chu-de/kn-theo-khu-vuc.html,1.0.0
AT-0178,AN_TOAN,AT_MU_TRANG_BI,/shop/cam-nang/chu-de/at-mu-trang-bi.html,1.0.0
XM-0178,XE_MAY,XM_XE_MAY_DIEN,/shop/cam-nang/chu-de/xm-xe-may-dien.html,1.0.0
DL-0178,DU_LICH,DL_SAPA_LAO_CAI_YEN_BAI,/shop/cam-nang/chu-de/dl-sapa-lao-cai-yen-bai.html,1.0.0
CD-0178,CUNG_DUONG,CD_DONG_BANG_VEN_BIEN,/shop/cam-nang/chu-de/cd-dong-bang-ven-bien.html,1.0.0
HD-0178,HOI_DAP,HD_PHUOT_TRAI_NGHIEM,/shop/cam-nang/chu-de/hd-phuot-trai-nghiem.html,1.0.0
KN-0179,KINH_NGHIEM,KN_THEO_KHU_VUC,/shop/cam-nang/chu-de/kn-theo-khu-vuc.html,1.0.0
AT-0179,AN_TOAN,AT_MU_TRANG_BI,/shop/cam-nang/chu-de/at-mu-trang-bi.html,1.0.0
XM-0179,XE_MAY,XM_XE_MAY_DIEN,/shop/cam-nang/chu-de/xm-xe-may-dien.html,1.0.0
DL-0179,DU_LICH,DL_SAPA_LAO_CAI_YEN_BAI,/shop/cam-nang/chu-de/dl-sapa-lao-cai-yen-bai.html,1.0.0
CD-0179,CUNG_DUONG,CD_DONG_BANG_VEN_BIEN,/shop/cam-nang/chu-de/cd-dong-bang-ven-bien.html,1.0.0
HD-0179,HOI_DAP,HD_PHUOT_TRAI_NGHIEM,/shop/cam-nang/chu-de/hd-phuot-trai-nghiem.html,1.0.0
KN-0180,KINH_NGHIEM,KN_THEO_KHU_VUC,/shop/cam-nang/chu-de/kn-theo-khu-vuc.html,1.0.0
AT-0180,AN_TOAN,AT_MU_TRANG_BI,/shop/cam-nang/chu-de/at-mu-trang-bi.html,1.0.0
XM-0180,XE_MAY,XM_BAO_DUONG_KIEM_TRA,/shop/cam-nang/chu-de/xm-bao-duong-kiem-tra.html,1.0.0
DL-0180,DU_LICH,DL_SAPA_LAO_CAI_YEN_BAI,/shop/cam-nang/chu-de/dl-sapa-lao-cai-yen-bai.html,1.0.0
CD-0180,CUNG_DUONG,CD_DONG_BANG_VEN_BIEN,/shop/cam-nang/chu-de/cd-dong-bang-ven-bien.html,1.0.0
HD-0180,HOI_DAP,HD_PHUOT_TRAI_NGHIEM,/shop/cam-nang/chu-de/hd-phuot-trai-nghiem.html,1.0.0
KN-0181,KINH_NGHIEM,KN_THEO_KHU_VUC,/shop/cam-nang/chu-de/kn-theo-khu-vuc.html,1.0.0
AT-0181,AN_TOAN,AT_MU_TRANG_BI,/shop/cam-nang/chu-de/at-mu-trang-bi.html,1.0.0
XM-0181,XE_MAY,XM_XE_MAY_DIEN,/shop/cam-nang/chu-de/xm-xe-may-dien.html,1.0.0
DL-0181,DU_LICH,DL_SAPA_LAO_CAI_YEN_BAI,/shop/cam-nang/chu-de/dl-sapa-lao-cai-yen-bai.html,1.0.0
CD-0181,CUNG_DUONG,CD_DONG_BANG_VEN_BIEN,/shop/cam-nang/chu-de/cd-dong-bang-ven-bien.html,1.0.0
HD-0181,HOI_DAP,HD_PHUOT_TRAI_NGHIEM,/shop/cam-nang/chu-de/hd-phuot-trai-nghiem.html,1.0.0
KN-0182,KINH_NGHIEM,KN_THEO_KHU_VUC,/shop/cam-nang/chu-de/kn-theo-khu-vuc.html,1.0.0
AT-0182,AN_TOAN,AT_MU_TRANG_BI,/shop/cam-nang/chu-de/at-mu-trang-bi.html,1.0.0
XM-0182,XE_MAY,XM_XE_MAY_DIEN,/shop/cam-nang/chu-de/xm-xe-may-dien.html,1.0.0
DL-0182,DU_LICH,DL_SAPA_LAO_CAI_YEN_BAI,/shop/cam-nang/chu-de/dl-sapa-lao-cai-yen-bai.html,1.0.0
CD-0182,CUNG_DUONG,CD_DONG_BANG_VEN_BIEN,/shop/cam-nang/chu-de/cd-dong-bang-ven-bien.html,1.0.0
HD-0182,HOI_DAP,HD_PHUOT_TRAI_NGHIEM,/shop/cam-nang/chu-de/hd-phuot-trai-nghiem.html,1.0.0
KN-0183,KINH_NGHIEM,KN_THEO_KHU_VUC,/shop/cam-nang/chu-de/kn-theo-khu-vuc.html,1.0.0
AT-0183,AN_TOAN,AT_MU_TRANG_BI,/shop/cam-nang/chu-de/at-mu-trang-bi.html,1.0.0
XM-0183,XE_MAY,XM_BAO_DUONG_KIEM_TRA,/shop/cam-nang/chu-de/xm-bao-duong-kiem-tra.html,1.0.0
DL-0183,DU_LICH,DL_SAPA_LAO_CAI_YEN_BAI,/shop/cam-nang/chu-de/dl-sapa-lao-cai-yen-bai.html,1.0.0
CD-0183,CUNG_DUONG,CD_DONG_BANG_VEN_BIEN,/shop/cam-nang/chu-de/cd-dong-bang-ven-bien.html,1.0.0
HD-0183,HOI_DAP,HD_PHUOT_TRAI_NGHIEM,/shop/cam-nang/chu-de/hd-phuot-trai-nghiem.html,1.0.0
KN-0184,KINH_NGHIEM,KN_THEO_KHU_VUC,/shop/cam-nang/chu-de/kn-theo-khu-vuc.html,1.0.0
AT-0184,AN_TOAN,AT_MU_TRANG_BI,/shop/cam-nang/chu-de/at-mu-trang-bi.html,1.0.0
XM-0184,XE_MAY,XM_XE_MAY_DIEN,/shop/cam-nang/chu-de/xm-xe-may-dien.html,1.0.0
DL-0184,DU_LICH,DL_SAPA_LAO_CAI_YEN_BAI,/shop/cam-nang/chu-de/dl-sapa-lao-cai-yen-bai.html,1.0.0
CD-0184,CUNG_DUONG,CD_DONG_BANG_VEN_BIEN,/shop/cam-nang/chu-de/cd-dong-bang-ven-bien.html,1.0.0
HD-0184,HOI_DAP,HD_PHUOT_TRAI_NGHIEM,/shop/cam-nang/chu-de/hd-phuot-trai-nghiem.html,1.0.0
KN-0185,KINH_NGHIEM,KN_THEO_KHU_VUC,/shop/cam-nang/chu-de/kn-theo-khu-vuc.html,1.0.0
AT-0185,AN_TOAN,AT_MU_TRANG_BI,/shop/cam-nang/chu-de/at-mu-trang-bi.html,1.0.0
XM-0185,XE_MAY,XM_XE_MAY_DIEN,/shop/cam-nang/chu-de/xm-xe-may-dien.html,1.0.0
DL-0185,DU_LICH,DL_DONG_BANG_BAC_BO,/shop/cam-nang/chu-de/dl-dong-bang-bac-bo.html,1.0.0
CD-0185,CUNG_DUONG,CD_DONG_BANG_VEN_BIEN,/shop/cam-nang/chu-de/cd-dong-bang-ven-bien.html,1.0.0
HD-0185,HOI_DAP,HD_PHUOT_TRAI_NGHIEM,/shop/cam-nang/chu-de/hd-phuot-trai-nghiem.html,1.0.0
KN-0186,KINH_NGHIEM,KN_THEO_KHU_VUC,/shop/cam-nang/chu-de/kn-theo-khu-vuc.html,1.0.0
AT-0186,AN_TOAN,AT_MU_TRANG_BI,/shop/cam-nang/chu-de/at-mu-trang-bi.html,1.0.0
XM-0186,XE_MAY,XM_XE_MAY_DIEN,/shop/cam-nang/chu-de/xm-xe-may-dien.html,1.0.0
DL-0186,DU_LICH,DL_DONG_BANG_BAC_BO,/shop/cam-nang/chu-de/dl-dong-bang-bac-bo.html,1.0.0
CD-0186,CUNG_DUONG,CD_DONG_BANG_VEN_BIEN,/shop/cam-nang/chu-de/cd-dong-bang-ven-bien.html,1.0.0
HD-0186,HOI_DAP,HD_PHUOT_TRAI_NGHIEM,/shop/cam-nang/chu-de/hd-phuot-trai-nghiem.html,1.0.0
KN-0187,KINH_NGHIEM,KN_THEO_KHU_VUC,/shop/cam-nang/chu-de/kn-theo-khu-vuc.html,1.0.0
AT-0187,AN_TOAN,AT_MU_TRANG_BI,/shop/cam-nang/chu-de/at-mu-trang-bi.html,1.0.0
XM-0187,XE_MAY,XM_XE_MAY_DIEN,/shop/cam-nang/chu-de/xm-xe-may-dien.html,1.0.0
DL-0187,DU_LICH,DL_DONG_BANG_BAC_BO,/shop/cam-nang/chu-de/dl-dong-bang-bac-bo.html,1.0.0
CD-0187,CUNG_DUONG,CD_DONG_BANG_VEN_BIEN,/shop/cam-nang/chu-de/cd-dong-bang-ven-bien.html,1.0.0
HD-0187,HOI_DAP,HD_PHUOT_TRAI_NGHIEM,/shop/cam-nang/chu-de/hd-phuot-trai-nghiem.html,1.0.0
KN-0188,KINH_NGHIEM,KN_THEO_KHU_VUC,/shop/cam-nang/chu-de/kn-theo-khu-vuc.html,1.0.0
AT-0188,AN_TOAN,AT_MU_TRANG_BI,/shop/cam-nang/chu-de/at-mu-trang-bi.html,1.0.0
XM-0188,XE_MAY,XM_XE_MAY_DIEN,/shop/cam-nang/chu-de/xm-xe-may-dien.html,1.0.0
DL-0188,DU_LICH,DL_DONG_BANG_BAC_BO,/shop/cam-nang/chu-de/dl-dong-bang-bac-bo.html,1.0.0
CD-0188,CUNG_DUONG,CD_DONG_BANG_VEN_BIEN,/shop/cam-nang/chu-de/cd-dong-bang-ven-bien.html,1.0.0
HD-0188,HOI_DAP,HD_PHUOT_TRAI_NGHIEM,/shop/cam-nang/chu-de/hd-phuot-trai-nghiem.html,1.0.0
KN-0189,KINH_NGHIEM,KN_THEO_KHU_VUC,/shop/cam-nang/chu-de/kn-theo-khu-vuc.html,1.0.0
AT-0189,AN_TOAN,AT_MU_TRANG_BI,/shop/cam-nang/chu-de/at-mu-trang-bi.html,1.0.0
XM-0189,XE_MAY,XM_XE_MAY_DIEN,/shop/cam-nang/chu-de/xm-xe-may-dien.html,1.0.0
DL-0189,DU_LICH,DL_DONG_BANG_BAC_BO,/shop/cam-nang/chu-de/dl-dong-bang-bac-bo.html,1.0.0
CD-0189,CUNG_DUONG,CD_DONG_BANG_VEN_BIEN,/shop/cam-nang/chu-de/cd-dong-bang-ven-bien.html,1.0.0
HD-0189,HOI_DAP,HD_PHUOT_TRAI_NGHIEM,/shop/cam-nang/chu-de/hd-phuot-trai-nghiem.html,1.0.0
KN-0190,KINH_NGHIEM,KN_THEO_KHU_VUC,/shop/cam-nang/chu-de/kn-theo-khu-vuc.html,1.0.0
AT-0190,AN_TOAN,AT_SUC_KHOE_NGUOI_LAI,/shop/cam-nang/chu-de/at-suc-khoe-nguoi-lai.html,1.0.0
XM-0190,XE_MAY,XM_XE_MAY_DIEN,/shop/cam-nang/chu-de/xm-xe-may-dien.html,1.0.0
DL-0190,DU_LICH,DL_DONG_BANG_BAC_BO,/shop/cam-nang/chu-de/dl-dong-bang-bac-bo.html,1.0.0
CD-0190,CUNG_DUONG,CD_DONG_BANG_VEN_BIEN,/shop/cam-nang/chu-de/cd-dong-bang-ven-bien.html,1.0.0
HD-0190,HOI_DAP,HD_PHUOT_TRAI_NGHIEM,/shop/cam-nang/chu-de/hd-phuot-trai-nghiem.html,1.0.0
KN-0191,KINH_NGHIEM,KN_THEO_KHU_VUC,/shop/cam-nang/chu-de/kn-theo-khu-vuc.html,1.0.0
AT-0191,AN_TOAN,AT_SUC_KHOE_NGUOI_LAI,/shop/cam-nang/chu-de/at-suc-khoe-nguoi-lai.html,1.0.0
XM-0191,XE_MAY,XM_XE_MAY_DIEN,/shop/cam-nang/chu-de/xm-xe-may-dien.html,1.0.0
DL-0191,DU_LICH,DL_DONG_BANG_BAC_BO,/shop/cam-nang/chu-de/dl-dong-bang-bac-bo.html,1.0.0
CD-0191,CUNG_DUONG,CD_DONG_BANG_VEN_BIEN,/shop/cam-nang/chu-de/cd-dong-bang-ven-bien.html,1.0.0
HD-0191,HOI_DAP,HD_PHUOT_TRAI_NGHIEM,/shop/cam-nang/chu-de/hd-phuot-trai-nghiem.html,1.0.0
KN-0192,KINH_NGHIEM,KN_THEO_KHU_VUC,/shop/cam-nang/chu-de/kn-theo-khu-vuc.html,1.0.0
AT-0192,AN_TOAN,AT_SUC_KHOE_NGUOI_LAI,/shop/cam-nang/chu-de/at-suc-khoe-nguoi-lai.html,1.0.0
XM-0192,XE_MAY,XM_XE_MAY_DIEN,/shop/cam-nang/chu-de/xm-xe-may-dien.html,1.0.0
DL-0192,DU_LICH,DL_DONG_BANG_BAC_BO,/shop/cam-nang/chu-de/dl-dong-bang-bac-bo.html,1.0.0
CD-0192,CUNG_DUONG,CD_HOA_BINH_SON_LA,/shop/cam-nang/chu-de/cd-hoa-binh-son-la.html,1.0.0
HD-0192,HOI_DAP,HD_PHUOT_TRAI_NGHIEM,/shop/cam-nang/chu-de/hd-phuot-trai-nghiem.html,1.0.0
KN-0193,KINH_NGHIEM,KN_THEO_KHU_VUC,/shop/cam-nang/chu-de/kn-theo-khu-vuc.html,1.0.0
AT-0193,AN_TOAN,AT_SUC_KHOE_NGUOI_LAI,/shop/cam-nang/chu-de/at-suc-khoe-nguoi-lai.html,1.0.0
XM-0193,XE_MAY,XM_XE_MAY_DIEN,/shop/cam-nang/chu-de/xm-xe-may-dien.html,1.0.0
DL-0193,DU_LICH,DL_DONG_BANG_BAC_BO,/shop/cam-nang/chu-de/dl-dong-bang-bac-bo.html,1.0.0
CD-0193,CUNG_DUONG,CD_HOA_BINH_SON_LA,/shop/cam-nang/chu-de/cd-hoa-binh-son-la.html,1.0.0
HD-0193,HOI_DAP,HD_PHUOT_TRAI_NGHIEM,/shop/cam-nang/chu-de/hd-phuot-trai-nghiem.html,1.0.0
KN-0194,KINH_NGHIEM,KN_THEO_KHU_VUC,/shop/cam-nang/chu-de/kn-theo-khu-vuc.html,1.0.0
AT-0194,AN_TOAN,AT_SUC_KHOE_NGUOI_LAI,/shop/cam-nang/chu-de/at-suc-khoe-nguoi-lai.html,1.0.0
XM-0194,XE_MAY,XM_HONDA_WAVE,/shop/cam-nang/chu-de/xm-honda-wave.html,1.0.0
DL-0194,DU_LICH,DL_DONG_BANG_BAC_BO,/shop/cam-nang/chu-de/dl-dong-bang-bac-bo.html,1.0.0
CD-0194,CUNG_DUONG,CD_HOA_BINH_SON_LA,/shop/cam-nang/chu-de/cd-hoa-binh-son-la.html,1.0.0
HD-0194,HOI_DAP,HD_PHUOT_TRAI_NGHIEM,/shop/cam-nang/chu-de/hd-phuot-trai-nghiem.html,1.0.0
KN-0195,KINH_NGHIEM,KN_THEO_KHU_VUC,/shop/cam-nang/chu-de/kn-theo-khu-vuc.html,1.0.0
AT-0195,AN_TOAN,AT_SUC_KHOE_NGUOI_LAI,/shop/cam-nang/chu-de/at-suc-khoe-nguoi-lai.html,1.0.0
XM-0195,XE_MAY,XM_HONDA_WAVE,/shop/cam-nang/chu-de/xm-honda-wave.html,1.0.0
DL-0195,DU_LICH,DL_DONG_BANG_BAC_BO,/shop/cam-nang/chu-de/dl-dong-bang-bac-bo.html,1.0.0
CD-0195,CUNG_DUONG,CD_DONG_BANG_VEN_BIEN,/shop/cam-nang/chu-de/cd-dong-bang-ven-bien.html,1.0.0
HD-0195,HOI_DAP,HD_TRANG_BI,/shop/cam-nang/chu-de/hd-trang-bi.html,1.0.0
KN-0196,KINH_NGHIEM,KN_THEO_KHU_VUC,/shop/cam-nang/chu-de/kn-theo-khu-vuc.html,1.0.0
AT-0196,AN_TOAN,AT_SUC_KHOE_NGUOI_LAI,/shop/cam-nang/chu-de/at-suc-khoe-nguoi-lai.html,1.0.0
XM-0196,XE_MAY,XM_HONDA_VISION,/shop/cam-nang/chu-de/xm-honda-vision.html,1.0.0
DL-0196,DU_LICH,DL_DONG_BANG_BAC_BO,/shop/cam-nang/chu-de/dl-dong-bang-bac-bo.html,1.0.0
CD-0196,CUNG_DUONG,CD_DONG_BANG_VEN_BIEN,/shop/cam-nang/chu-de/cd-dong-bang-ven-bien.html,1.0.0
HD-0196,HOI_DAP,HD_TRANG_BI,/shop/cam-nang/chu-de/hd-trang-bi.html,1.0.0
KN-0197,KINH_NGHIEM,KN_THEO_KHU_VUC,/shop/cam-nang/chu-de/kn-theo-khu-vuc.html,1.0.0
AT-0197,AN_TOAN,AT_SUC_KHOE_NGUOI_LAI,/shop/cam-nang/chu-de/at-suc-khoe-nguoi-lai.html,1.0.0
XM-0197,XE_MAY,XM_HONDA_VISION,/shop/cam-nang/chu-de/xm-honda-vision.html,1.0.0
DL-0197,DU_LICH,DL_DONG_BANG_BAC_BO,/shop/cam-nang/chu-de/dl-dong-bang-bac-bo.html,1.0.0
CD-0197,CUNG_DUONG,CD_DONG_BANG_VEN_BIEN,/shop/cam-nang/chu-de/cd-dong-bang-ven-bien.html,1.0.0
HD-0197,HOI_DAP,HD_GIAY_TO_PHAP_LY,/shop/cam-nang/chu-de/hd-giay-to-phap-ly.html,1.0.0
KN-0198,KINH_NGHIEM,KN_THEO_KHU_VUC,/shop/cam-nang/chu-de/kn-theo-khu-vuc.html,1.0.0
AT-0198,AN_TOAN,AT_SUC_KHOE_NGUOI_LAI,/shop/cam-nang/chu-de/at-suc-khoe-nguoi-lai.html,1.0.0
XM-0198,XE_MAY,XM_SO_SANH_XE,/shop/cam-nang/chu-de/xm-so-sanh-xe.html,1.0.0
DL-0198,DU_LICH,DL_DONG_BANG_BAC_BO,/shop/cam-nang/chu-de/dl-dong-bang-bac-bo.html,1.0.0
CD-0198,CUNG_DUONG,CD_TAY_BAC_XA,/shop/cam-nang/chu-de/cd-tay-bac-xa.html,1.0.0
HD-0198,HOI_DAP,HD_TRANG_BI,/shop/cam-nang/chu-de/hd-trang-bi.html,1.0.0
KN-0199,KINH_NGHIEM,KN_THEO_KHU_VUC,/shop/cam-nang/chu-de/kn-theo-khu-vuc.html,1.0.0
AT-0199,AN_TOAN,AT_SUC_KHOE_NGUOI_LAI,/shop/cam-nang/chu-de/at-suc-khoe-nguoi-lai.html,1.0.0
XM-0199,XE_MAY,XM_SO_SANH_XE,/shop/cam-nang/chu-de/xm-so-sanh-xe.html,1.0.0
DL-0199,DU_LICH,DL_DONG_BANG_BAC_BO,/shop/cam-nang/chu-de/dl-dong-bang-bac-bo.html,1.0.0
CD-0199,CUNG_DUONG,CD_TAY_BAC_XA,/shop/cam-nang/chu-de/cd-tay-bac-xa.html,1.0.0
HD-0199,HOI_DAP,HD_PHUOT_TRAI_NGHIEM,/shop/cam-nang/chu-de/hd-phuot-trai-nghiem.html,1.0.0
KN-0200,KINH_NGHIEM,KN_THEO_KHU_VUC,/shop/cam-nang/chu-de/kn-theo-khu-vuc.html,1.0.0
AT-0200,AN_TOAN,AT_CHONG_TROM_DO_XE,/shop/cam-nang/chu-de/at-chong-trom-do-xe.html,1.0.0
XM-0200,XE_MAY,XM_HONDA_CLICK,/shop/cam-nang/chu-de/xm-honda-click.html,1.0.0
DL-0200,DU_LICH,DL_DONG_BANG_BAC_BO,/shop/cam-nang/chu-de/dl-dong-bang-bac-bo.html,1.0.0
CD-0200,CUNG_DUONG,CD_TAY_BAC_XA,/shop/cam-nang/chu-de/cd-tay-bac-xa.html,1.0.0
HD-0200,HOI_DAP,HD_PHUOT_TRAI_NGHIEM,/shop/cam-nang/chu-de/hd-phuot-trai-nghiem.html,1.0.0
KN-0201,KINH_NGHIEM,KN_THEO_KHU_VUC,/shop/cam-nang/chu-de/kn-theo-khu-vuc.html,1.0.0
AT-0201,AN_TOAN,AT_CHONG_TROM_DO_XE,/shop/cam-nang/chu-de/at-chong-trom-do-xe.html,1.0.0
XM-0201,XE_MAY,XM_HONDA_CLICK,/shop/cam-nang/chu-de/xm-honda-click.html,1.0.0
DL-0201,DU_LICH,DL_DONG_BANG_BAC_BO,/shop/cam-nang/chu-de/dl-dong-bang-bac-bo.html,1.0.0
CD-0201,CUNG_DUONG,CD_HA_GIANG_DONG_BAC_CA,/shop/cam-nang/chu-de/cd-ha-giang-dong-bac-ca.html,1.0.0
HD-0201,HOI_DAP,HD_PHUOT_TRAI_NGHIEM,/shop/cam-nang/chu-de/hd-phuot-trai-nghiem.html,1.0.0
KN-0202,KINH_NGHIEM,KN_THEO_KHU_VUC,/shop/cam-nang/chu-de/kn-theo-khu-vuc.html,1.0.0
AT-0202,AN_TOAN,AT_CHONG_TROM_DO_XE,/shop/cam-nang/chu-de/at-chong-trom-do-xe.html,1.0.0
XM-0202,XE_MAY,XM_SO_SANH_XE,/shop/cam-nang/chu-de/xm-so-sanh-xe.html,1.0.0
DL-0202,DU_LICH,DL_DONG_BANG_BAC_BO,/shop/cam-nang/chu-de/dl-dong-bang-bac-bo.html,1.0.0
CD-0202,CUNG_DUONG,CD_HA_GIANG_DONG_BAC_CA,/shop/cam-nang/chu-de/cd-ha-giang-dong-bac-ca.html,1.0.0
HD-0202,HOI_DAP,HD_PHUOT_TRAI_NGHIEM,/shop/cam-nang/chu-de/hd-phuot-trai-nghiem.html,1.0.0
KN-0203,KINH_NGHIEM,KN_THEO_KHU_VUC,/shop/cam-nang/chu-de/kn-theo-khu-vuc.html,1.0.0
AT-0203,AN_TOAN,AT_CHONG_TROM_DO_XE,/shop/cam-nang/chu-de/at-chong-trom-do-xe.html,1.0.0
XM-0203,XE_MAY,XM_SO_SANH_XE,/shop/cam-nang/chu-de/xm-so-sanh-xe.html,1.0.0
DL-0203,DU_LICH,DL_DONG_BANG_BAC_BO,/shop/cam-nang/chu-de/dl-dong-bang-bac-bo.html,1.0.0
CD-0203,CUNG_DUONG,CD_HA_GIANG_DONG_BAC_CA,/shop/cam-nang/chu-de/cd-ha-giang-dong-bac-ca.html,1.0.0
HD-0203,HOI_DAP,HD_PHUOT_TRAI_NGHIEM,/shop/cam-nang/chu-de/hd-phuot-trai-nghiem.html,1.0.0
KN-0204,KINH_NGHIEM,KN_THEO_KHU_VUC,/shop/cam-nang/chu-de/kn-theo-khu-vuc.html,1.0.0
AT-0204,AN_TOAN,AT_CHONG_TROM_DO_XE,/shop/cam-nang/chu-de/at-chong-trom-do-xe.html,1.0.0
XM-0204,XE_MAY,XM_SO_SANH_XE,/shop/cam-nang/chu-de/xm-so-sanh-xe.html,1.0.0
DL-0204,DU_LICH,DL_DONG_BANG_BAC_BO,/shop/cam-nang/chu-de/dl-dong-bang-bac-bo.html,1.0.0
CD-0204,CUNG_DUONG,CD_TAY_BAC_XA,/shop/cam-nang/chu-de/cd-tay-bac-xa.html,1.0.0
HD-0204,HOI_DAP,HD_GIAY_TO_PHAP_LY,/shop/cam-nang/chu-de/hd-giay-to-phap-ly.html,1.0.0
KN-0205,KINH_NGHIEM,KN_THEO_KHU_VUC,/shop/cam-nang/chu-de/kn-theo-khu-vuc.html,1.0.0
AT-0205,AN_TOAN,AT_CHONG_TROM_DO_XE,/shop/cam-nang/chu-de/at-chong-trom-do-xe.html,1.0.0
XM-0205,XE_MAY,XM_SO_SANH_XE,/shop/cam-nang/chu-de/xm-so-sanh-xe.html,1.0.0
DL-0205,DU_LICH,DL_DONG_BANG_BAC_BO,/shop/cam-nang/chu-de/dl-dong-bang-bac-bo.html,1.0.0
CD-0205,CUNG_DUONG,CD_TAY_BAC_XA,/shop/cam-nang/chu-de/cd-tay-bac-xa.html,1.0.0
HD-0205,HOI_DAP,HD_GIAY_TO_PHAP_LY,/shop/cam-nang/chu-de/hd-giay-to-phap-ly.html,1.0.0
KN-0206,KINH_NGHIEM,KN_THEO_KHU_VUC,/shop/cam-nang/chu-de/kn-theo-khu-vuc.html,1.0.0
AT-0206,AN_TOAN,AT_CHONG_TROM_DO_XE,/shop/cam-nang/chu-de/at-chong-trom-do-xe.html,1.0.0
XM-0206,XE_MAY,XM_BAO_DUONG_KIEM_TRA,/shop/cam-nang/chu-de/xm-bao-duong-kiem-tra.html,1.0.0
DL-0206,DU_LICH,DL_DONG_BANG_BAC_BO,/shop/cam-nang/chu-de/dl-dong-bang-bac-bo.html,1.0.0
CD-0206,CUNG_DUONG,CD_TAY_BAC_XA,/shop/cam-nang/chu-de/cd-tay-bac-xa.html,1.0.0
HD-0206,HOI_DAP,HD_GIAY_TO_PHAP_LY,/shop/cam-nang/chu-de/hd-giay-to-phap-ly.html,1.0.0
KN-0207,KINH_NGHIEM,KN_THEO_KHU_VUC,/shop/cam-nang/chu-de/kn-theo-khu-vuc.html,1.0.0
AT-0207,AN_TOAN,AT_MU_TRANG_BI,/shop/cam-nang/chu-de/at-mu-trang-bi.html,1.0.0
XM-0207,XE_MAY,XM_BAO_DUONG_KIEM_TRA,/shop/cam-nang/chu-de/xm-bao-duong-kiem-tra.html,1.0.0
DL-0207,DU_LICH,DL_DONG_BANG_BAC_BO,/shop/cam-nang/chu-de/dl-dong-bang-bac-bo.html,1.0.0
CD-0207,CUNG_DUONG,CD_PHU_THO_VINH_PHUC,/shop/cam-nang/chu-de/cd-phu-tho-vinh-phuc.html,1.0.0
HD-0207,HOI_DAP,HD_GIAY_TO_PHAP_LY,/shop/cam-nang/chu-de/hd-giay-to-phap-ly.html,1.0.0
KN-0208,KINH_NGHIEM,KN_THEO_KHU_VUC,/shop/cam-nang/chu-de/kn-theo-khu-vuc.html,1.0.0
AT-0208,AN_TOAN,AT_THOI_TIET_MUA_GIO,/shop/cam-nang/chu-de/at-thoi-tiet-mua-gio.html,1.0.0
XM-0208,XE_MAY,XM_BAO_DUONG_KIEM_TRA,/shop/cam-nang/chu-de/xm-bao-duong-kiem-tra.html,1.0.0
DL-0208,DU_LICH,DL_DONG_BANG_BAC_BO,/shop/cam-nang/chu-de/dl-dong-bang-bac-bo.html,1.0.0
CD-0208,CUNG_DUONG,CD_PHU_THO_VINH_PHUC,/shop/cam-nang/chu-de/cd-phu-tho-vinh-phuc.html,1.0.0
HD-0208,HOI_DAP,HD_GIAY_TO_PHAP_LY,/shop/cam-nang/chu-de/hd-giay-to-phap-ly.html,1.0.0
KN-0209,KINH_NGHIEM,KN_THEO_KHU_VUC,/shop/cam-nang/chu-de/kn-theo-khu-vuc.html,1.0.0
AT-0209,AN_TOAN,AT_THOI_TIET_MUA_GIO,/shop/cam-nang/chu-de/at-thoi-tiet-mua-gio.html,1.0.0
XM-0209,XE_MAY,XM_BAO_DUONG_KIEM_TRA,/shop/cam-nang/chu-de/xm-bao-duong-kiem-tra.html,1.0.0
DL-0209,DU_LICH,DL_DONG_BANG_BAC_BO,/shop/cam-nang/chu-de/dl-dong-bang-bac-bo.html,1.0.0
CD-0209,CUNG_DUONG,CD_PHU_THO_VINH_PHUC,/shop/cam-nang/chu-de/cd-phu-tho-vinh-phuc.html,1.0.0
HD-0209,HOI_DAP,HD_GIAY_TO_PHAP_LY,/shop/cam-nang/chu-de/hd-giay-to-phap-ly.html,1.0.0
KN-0210,KINH_NGHIEM,KN_THEO_KHU_VUC,/shop/cam-nang/chu-de/kn-theo-khu-vuc.html,1.0.0
AT-0210,AN_TOAN,AT_THOI_TIET_MUA_GIO,/shop/cam-nang/chu-de/at-thoi-tiet-mua-gio.html,1.0.0
XM-0210,XE_MAY,XM_SO_SANH_XE,/shop/cam-nang/chu-de/xm-so-sanh-xe.html,1.0.0
DL-0210,DU_LICH,DL_DONG_BANG_BAC_BO,/shop/cam-nang/chu-de/dl-dong-bang-bac-bo.html,1.0.0
CD-0210,CUNG_DUONG,CD_DONG_BANG_VEN_BIEN,/shop/cam-nang/chu-de/cd-dong-bang-ven-bien.html,1.0.0
HD-0210,HOI_DAP,HD_GIAY_TO_PHAP_LY,/shop/cam-nang/chu-de/hd-giay-to-phap-ly.html,1.0.0
KN-0211,KINH_NGHIEM,KN_THEO_KHU_VUC,/shop/cam-nang/chu-de/kn-theo-khu-vuc.html,1.0.0
AT-0211,AN_TOAN,AT_THOI_TIET_MUA_GIO,/shop/cam-nang/chu-de/at-thoi-tiet-mua-gio.html,1.0.0
XM-0211,XE_MAY,XM_BAO_DUONG_KIEM_TRA,/shop/cam-nang/chu-de/xm-bao-duong-kiem-tra.html,1.0.0
DL-0211,DU_LICH,DL_DONG_BANG_BAC_BO,/shop/cam-nang/chu-de/dl-dong-bang-bac-bo.html,1.0.0
CD-0211,CUNG_DUONG,CD_DONG_BANG_VEN_BIEN,/shop/cam-nang/chu-de/cd-dong-bang-ven-bien.html,1.0.0
HD-0211,HOI_DAP,HD_GIAY_TO_PHAP_LY,/shop/cam-nang/chu-de/hd-giay-to-phap-ly.html,1.0.0
KN-0212,KINH_NGHIEM,KN_THEO_KHU_VUC,/shop/cam-nang/chu-de/kn-theo-khu-vuc.html,1.0.0
AT-0212,AN_TOAN,AT_THOI_TIET_MUA_GIO,/shop/cam-nang/chu-de/at-thoi-tiet-mua-gio.html,1.0.0
XM-0212,XE_MAY,XM_BAO_DUONG_KIEM_TRA,/shop/cam-nang/chu-de/xm-bao-duong-kiem-tra.html,1.0.0
DL-0212,DU_LICH,DL_DONG_BANG_BAC_BO,/shop/cam-nang/chu-de/dl-dong-bang-bac-bo.html,1.0.0
CD-0212,CUNG_DUONG,CD_DONG_BANG_VEN_BIEN,/shop/cam-nang/chu-de/cd-dong-bang-ven-bien.html,1.0.0
HD-0212,HOI_DAP,HD_GIAY_TO_PHAP_LY,/shop/cam-nang/chu-de/hd-giay-to-phap-ly.html,1.0.0
KN-0213,KINH_NGHIEM,KN_THEO_KHU_VUC,/shop/cam-nang/chu-de/kn-theo-khu-vuc.html,1.0.0
AT-0213,AN_TOAN,AT_THOI_TIET_MUA_GIO,/shop/cam-nang/chu-de/at-thoi-tiet-mua-gio.html,1.0.0
XM-0213,XE_MAY,XM_BAO_DUONG_KIEM_TRA,/shop/cam-nang/chu-de/xm-bao-duong-kiem-tra.html,1.0.0
DL-0213,DU_LICH,DL_DONG_BANG_BAC_BO,/shop/cam-nang/chu-de/dl-dong-bang-bac-bo.html,1.0.0
CD-0213,CUNG_DUONG,CD_DONG_BANG_VEN_BIEN,/shop/cam-nang/chu-de/cd-dong-bang-ven-bien.html,1.0.0
HD-0213,HOI_DAP,HD_GIAY_TO_PHAP_LY,/shop/cam-nang/chu-de/hd-giay-to-phap-ly.html,1.0.0
KN-0214,KINH_NGHIEM,KN_DUONG_PHO_LON,/shop/cam-nang/chu-de/kn-duong-pho-lon.html,1.0.0
AT-0214,AN_TOAN,AT_THOI_TIET_MUA_GIO,/shop/cam-nang/chu-de/at-thoi-tiet-mua-gio.html,1.0.0
XM-0214,XE_MAY,XM_BAO_DUONG_KIEM_TRA,/shop/cam-nang/chu-de/xm-bao-duong-kiem-tra.html,1.0.0
DL-0214,DU_LICH,DL_DONG_BANG_BAC_BO,/shop/cam-nang/chu-de/dl-dong-bang-bac-bo.html,1.0.0
CD-0214,CUNG_DUONG,CD_DONG_BANG_VEN_BIEN,/shop/cam-nang/chu-de/cd-dong-bang-ven-bien.html,1.0.0
HD-0214,HOI_DAP,HD_GIAY_TO_PHAP_LY,/shop/cam-nang/chu-de/hd-giay-to-phap-ly.html,1.0.0
KN-0215,KINH_NGHIEM,KN_DUONG_PHO_LON,/shop/cam-nang/chu-de/kn-duong-pho-lon.html,1.0.0
AT-0215,AN_TOAN,AT_THOI_TIET_MUA_GIO,/shop/cam-nang/chu-de/at-thoi-tiet-mua-gio.html,1.0.0
XM-0215,XE_MAY,XM_BAO_DUONG_KIEM_TRA,/shop/cam-nang/chu-de/xm-bao-duong-kiem-tra.html,1.0.0
DL-0215,DU_LICH,DL_DONG_BANG_BAC_BO,/shop/cam-nang/chu-de/dl-dong-bang-bac-bo.html,1.0.0
CD-0215,CUNG_DUONG,CD_DONG_BANG_VEN_BIEN,/shop/cam-nang/chu-de/cd-dong-bang-ven-bien.html,1.0.0
HD-0215,HOI_DAP,HD_GIAY_TO_PHAP_LY,/shop/cam-nang/chu-de/hd-giay-to-phap-ly.html,1.0.0
KN-0216,KINH_NGHIEM,KN_DUONG_PHO_LON,/shop/cam-nang/chu-de/kn-duong-pho-lon.html,1.0.0
AT-0216,AN_TOAN,AT_THOI_TIET_MUA_GIO,/shop/cam-nang/chu-de/at-thoi-tiet-mua-gio.html,1.0.0
XM-0216,XE_MAY,XM_BAO_DUONG_KIEM_TRA,/shop/cam-nang/chu-de/xm-bao-duong-kiem-tra.html,1.0.0
DL-0216,DU_LICH,DL_DONG_BANG_BAC_BO,/shop/cam-nang/chu-de/dl-dong-bang-bac-bo.html,1.0.0
CD-0216,CUNG_DUONG,CD_DONG_BANG_VEN_BIEN,/shop/cam-nang/chu-de/cd-dong-bang-ven-bien.html,1.0.0
HD-0216,HOI_DAP,HD_GIAY_TO_PHAP_LY,/shop/cam-nang/chu-de/hd-giay-to-phap-ly.html,1.0.0
KN-0217,KINH_NGHIEM,KN_DUONG_PHO_LON,/shop/cam-nang/chu-de/kn-duong-pho-lon.html,1.0.0
AT-0217,AN_TOAN,AT_THOI_TIET_MUA_GIO,/shop/cam-nang/chu-de/at-thoi-tiet-mua-gio.html,1.0.0
XM-0217,XE_MAY,XM_BAO_DUONG_KIEM_TRA,/shop/cam-nang/chu-de/xm-bao-duong-kiem-tra.html,1.0.0
DL-0217,DU_LICH,DL_DONG_BANG_BAC_BO,/shop/cam-nang/chu-de/dl-dong-bang-bac-bo.html,1.0.0
CD-0217,CUNG_DUONG,CD_DONG_BANG_VEN_BIEN,/shop/cam-nang/chu-de/cd-dong-bang-ven-bien.html,1.0.0
HD-0217,HOI_DAP,HD_PHUOT_TRAI_NGHIEM,/shop/cam-nang/chu-de/hd-phuot-trai-nghiem.html,1.0.0
KN-0218,KINH_NGHIEM,KN_DUONG_PHO_LON,/shop/cam-nang/chu-de/kn-duong-pho-lon.html,1.0.0
AT-0218,AN_TOAN,AT_THOI_TIET_MUA_GIO,/shop/cam-nang/chu-de/at-thoi-tiet-mua-gio.html,1.0.0
XM-0218,XE_MAY,XM_BAO_DUONG_KIEM_TRA,/shop/cam-nang/chu-de/xm-bao-duong-kiem-tra.html,1.0.0
DL-0218,DU_LICH,DL_DONG_BANG_BAC_BO,/shop/cam-nang/chu-de/dl-dong-bang-bac-bo.html,1.0.0
CD-0218,CUNG_DUONG,CD_DONG_BANG_VEN_BIEN,/shop/cam-nang/chu-de/cd-dong-bang-ven-bien.html,1.0.0
HD-0218,HOI_DAP,HD_PHUOT_TRAI_NGHIEM,/shop/cam-nang/chu-de/hd-phuot-trai-nghiem.html,1.0.0
KN-0219,KINH_NGHIEM,KN_DUONG_PHO_LON,/shop/cam-nang/chu-de/kn-duong-pho-lon.html,1.0.0
AT-0219,AN_TOAN,AT_THOI_TIET_MUA_GIO,/shop/cam-nang/chu-de/at-thoi-tiet-mua-gio.html,1.0.0
XM-0219,XE_MAY,XM_BAO_DUONG_KIEM_TRA,/shop/cam-nang/chu-de/xm-bao-duong-kiem-tra.html,1.0.0
DL-0219,DU_LICH,DL_DONG_BANG_BAC_BO,/shop/cam-nang/chu-de/dl-dong-bang-bac-bo.html,1.0.0
CD-0219,CUNG_DUONG,CD_DONG_BANG_VEN_BIEN,/shop/cam-nang/chu-de/cd-dong-bang-ven-bien.html,1.0.0
HD-0219,HOI_DAP,HD_PHUOT_TRAI_NGHIEM,/shop/cam-nang/chu-de/hd-phuot-trai-nghiem.html,1.0.0
KN-0220,KINH_NGHIEM,KN_DUONG_PHO_LON,/shop/cam-nang/chu-de/kn-duong-pho-lon.html,1.0.0
AT-0220,AN_TOAN,AT_THOI_TIET_MUA_GIO,/shop/cam-nang/chu-de/at-thoi-tiet-mua-gio.html,1.0.0
XM-0220,XE_MAY,XM_BAO_DUONG_KIEM_TRA,/shop/cam-nang/chu-de/xm-bao-duong-kiem-tra.html,1.0.0
DL-0220,DU_LICH,DL_DONG_BANG_BAC_BO,/shop/cam-nang/chu-de/dl-dong-bang-bac-bo.html,1.0.0
CD-0220,CUNG_DUONG,CD_DONG_BANG_VEN_BIEN,/shop/cam-nang/chu-de/cd-dong-bang-ven-bien.html,1.0.0
HD-0220,HOI_DAP,HD_DUONG_DI_DIA_DIEM,/shop/cam-nang/chu-de/hd-duong-di-dia-diem.html,1.0.0
KN-0221,KINH_NGHIEM,KN_DUONG_PHO_LON,/shop/cam-nang/chu-de/kn-duong-pho-lon.html,1.0.0
AT-0221,AN_TOAN,AT_DUONG_DAT_DEO_NONG_THON,/shop/cam-nang/chu-de/at-duong-dat-deo-nong-thon.html,1.0.0
XM-0221,XE_MAY,XM_BAO_DUONG_KIEM_TRA,/shop/cam-nang/chu-de/xm-bao-duong-kiem-tra.html,1.0.0
DL-0221,DU_LICH,DL_DONG_BANG_BAC_BO,/shop/cam-nang/chu-de/dl-dong-bang-bac-bo.html,1.0.0
CD-0221,CUNG_DUONG,CD_DONG_BANG_VEN_BIEN,/shop/cam-nang/chu-de/cd-dong-bang-ven-bien.html,1.0.0
HD-0221,HOI_DAP,HD_DUONG_DI_DIA_DIEM,/shop/cam-nang/chu-de/hd-duong-di-dia-diem.html,1.0.0
KN-0222,KINH_NGHIEM,KN_DUONG_PHO_LON,/shop/cam-nang/chu-de/kn-duong-pho-lon.html,1.0.0
AT-0222,AN_TOAN,AT_DUONG_DAT_DEO_NONG_THON,/shop/cam-nang/chu-de/at-duong-dat-deo-nong-thon.html,1.0.0
XM-0222,XE_MAY,XM_BAO_DUONG_KIEM_TRA,/shop/cam-nang/chu-de/xm-bao-duong-kiem-tra.html,1.0.0
DL-0222,DU_LICH,DL_DONG_BANG_BAC_BO,/shop/cam-nang/chu-de/dl-dong-bang-bac-bo.html,1.0.0
CD-0222,CUNG_DUONG,CD_DONG_BANG_VEN_BIEN,/shop/cam-nang/chu-de/cd-dong-bang-ven-bien.html,1.0.0
HD-0222,HOI_DAP,HD_DUONG_DI_DIA_DIEM,/shop/cam-nang/chu-de/hd-duong-di-dia-diem.html,1.0.0
KN-0223,KINH_NGHIEM,KN_DUONG_PHO_LON,/shop/cam-nang/chu-de/kn-duong-pho-lon.html,1.0.0
AT-0223,AN_TOAN,AT_DUONG_DAT_DEO_NONG_THON,/shop/cam-nang/chu-de/at-duong-dat-deo-nong-thon.html,1.0.0
XM-0223,XE_MAY,XM_BAO_DUONG_KIEM_TRA,/shop/cam-nang/chu-de/xm-bao-duong-kiem-tra.html,1.0.0
DL-0223,DU_LICH,DL_DONG_BANG_BAC_BO,/shop/cam-nang/chu-de/dl-dong-bang-bac-bo.html,1.0.0
CD-0223,CUNG_DUONG,CD_DONG_BANG_VEN_BIEN,/shop/cam-nang/chu-de/cd-dong-bang-ven-bien.html,1.0.0
HD-0223,HOI_DAP,HD_GIAY_TO_PHAP_LY,/shop/cam-nang/chu-de/hd-giay-to-phap-ly.html,1.0.0
KN-0224,KINH_NGHIEM,KN_DUONG_PHO_LON,/shop/cam-nang/chu-de/kn-duong-pho-lon.html,1.0.0
AT-0224,AN_TOAN,AT_DUONG_DAT_DEO_NONG_THON,/shop/cam-nang/chu-de/at-duong-dat-deo-nong-thon.html,1.0.0
XM-0224,XE_MAY,XM_BAO_DUONG_KIEM_TRA,/shop/cam-nang/chu-de/xm-bao-duong-kiem-tra.html,1.0.0
DL-0224,DU_LICH,DL_DONG_BANG_BAC_BO,/shop/cam-nang/chu-de/dl-dong-bang-bac-bo.html,1.0.0
CD-0224,CUNG_DUONG,CD_DONG_BANG_VEN_BIEN,/shop/cam-nang/chu-de/cd-dong-bang-ven-bien.html,1.0.0
HD-0224,HOI_DAP,HD_BAI_GUI_XE,/shop/cam-nang/chu-de/hd-bai-gui-xe.html,1.0.0
KN-0225,KINH_NGHIEM,KN_DUONG_PHO_LON,/shop/cam-nang/chu-de/kn-duong-pho-lon.html,1.0.0
AT-0225,AN_TOAN,AT_DUONG_DAT_DEO_NONG_THON,/shop/cam-nang/chu-de/at-duong-dat-deo-nong-thon.html,1.0.0
XM-0225,XE_MAY,XM_BAO_DUONG_KIEM_TRA,/shop/cam-nang/chu-de/xm-bao-duong-kiem-tra.html,1.0.0
DL-0225,DU_LICH,DL_DONG_BANG_BAC_BO,/shop/cam-nang/chu-de/dl-dong-bang-bac-bo.html,1.0.0
CD-0225,CUNG_DUONG,CD_DONG_BANG_VEN_BIEN,/shop/cam-nang/chu-de/cd-dong-bang-ven-bien.html,1.0.0
HD-0225,HOI_DAP,HD_BAI_GUI_XE,/shop/cam-nang/chu-de/hd-bai-gui-xe.html,1.0.0
KN-0226,KINH_NGHIEM,KN_DUONG_PHO_LON,/shop/cam-nang/chu-de/kn-duong-pho-lon.html,1.0.0
AT-0226,AN_TOAN,AT_DUONG_DAT_DEO_NONG_THON,/shop/cam-nang/chu-de/at-duong-dat-deo-nong-thon.html,1.0.0
XM-0226,XE_MAY,XM_BAO_DUONG_KIEM_TRA,/shop/cam-nang/chu-de/xm-bao-duong-kiem-tra.html,1.0.0
DL-0226,DU_LICH,DL_DONG_BANG_BAC_BO,/shop/cam-nang/chu-de/dl-dong-bang-bac-bo.html,1.0.0
CD-0226,CUNG_DUONG,CD_DONG_BANG_VEN_BIEN,/shop/cam-nang/chu-de/cd-dong-bang-ven-bien.html,1.0.0
HD-0226,HOI_DAP,HD_BAI_GUI_XE,/shop/cam-nang/chu-de/hd-bai-gui-xe.html,1.0.0
KN-0227,KINH_NGHIEM,KN_DUONG_PHO_LON,/shop/cam-nang/chu-de/kn-duong-pho-lon.html,1.0.0
AT-0227,AN_TOAN,AT_DUONG_DAT_DEO_NONG_THON,/shop/cam-nang/chu-de/at-duong-dat-deo-nong-thon.html,1.0.0
XM-0227,XE_MAY,XM_BAO_DUONG_KIEM_TRA,/shop/cam-nang/chu-de/xm-bao-duong-kiem-tra.html,1.0.0
DL-0227,DU_LICH,DL_DONG_BANG_BAC_BO,/shop/cam-nang/chu-de/dl-dong-bang-bac-bo.html,1.0.0
CD-0227,CUNG_DUONG,CD_DONG_BANG_VEN_BIEN,/shop/cam-nang/chu-de/cd-dong-bang-ven-bien.html,1.0.0
HD-0227,HOI_DAP,HD_GIAY_TO_PHAP_LY,/shop/cam-nang/chu-de/hd-giay-to-phap-ly.html,1.0.0
KN-0228,KINH_NGHIEM,KN_DUONG_PHO_LON,/shop/cam-nang/chu-de/kn-duong-pho-lon.html,1.0.0
AT-0228,AN_TOAN,AT_DUONG_DAT_DEO_NONG_THON,/shop/cam-nang/chu-de/at-duong-dat-deo-nong-thon.html,1.0.0
XM-0228,XE_MAY,XM_BAO_DUONG_KIEM_TRA,/shop/cam-nang/chu-de/xm-bao-duong-kiem-tra.html,1.0.0
DL-0228,DU_LICH,DL_DONG_BANG_BAC_BO,/shop/cam-nang/chu-de/dl-dong-bang-bac-bo.html,1.0.0
CD-0228,CUNG_DUONG,CD_DONG_BANG_VEN_BIEN,/shop/cam-nang/chu-de/cd-dong-bang-ven-bien.html,1.0.0
HD-0228,HOI_DAP,HD_BAI_GUI_XE,/shop/cam-nang/chu-de/hd-bai-gui-xe.html,1.0.0
KN-0229,KINH_NGHIEM,KN_DUONG_PHO_LON,/shop/cam-nang/chu-de/kn-duong-pho-lon.html,1.0.0
AT-0229,AN_TOAN,AT_DUONG_DAT_DEO_NONG_THON,/shop/cam-nang/chu-de/at-duong-dat-deo-nong-thon.html,1.0.0
XM-0229,XE_MAY,XM_BAO_DUONG_KIEM_TRA,/shop/cam-nang/chu-de/xm-bao-duong-kiem-tra.html,1.0.0
DL-0229,DU_LICH,DL_DONG_BANG_BAC_BO,/shop/cam-nang/chu-de/dl-dong-bang-bac-bo.html,1.0.0
CD-0229,CUNG_DUONG,CD_DONG_BANG_VEN_BIEN,/shop/cam-nang/chu-de/cd-dong-bang-ven-bien.html,1.0.0
HD-0229,HOI_DAP,HD_THUE_XE,/shop/cam-nang/chu-de/hd-thue-xe.html,1.0.0
KN-0230,KINH_NGHIEM,KN_DUONG_PHO_LON,/shop/cam-nang/chu-de/kn-duong-pho-lon.html,1.0.0
AT-0230,AN_TOAN,AT_DUONG_DAT_DEO_NONG_THON,/shop/cam-nang/chu-de/at-duong-dat-deo-nong-thon.html,1.0.0
XM-0230,XE_MAY,XM_BAO_DUONG_KIEM_TRA,/shop/cam-nang/chu-de/xm-bao-duong-kiem-tra.html,1.0.0
DL-0230,DU_LICH,DL_DONG_BANG_BAC_BO,/shop/cam-nang/chu-de/dl-dong-bang-bac-bo.html,1.0.0
CD-0230,CUNG_DUONG,CD_DONG_BANG_VEN_BIEN,/shop/cam-nang/chu-de/cd-dong-bang-ven-bien.html,1.0.0
HD-0230,HOI_DAP,HD_BAI_GUI_XE,/shop/cam-nang/chu-de/hd-bai-gui-xe.html,1.0.0
KN-0231,KINH_NGHIEM,KN_DUONG_PHO_LON,/shop/cam-nang/chu-de/kn-duong-pho-lon.html,1.0.0
AT-0231,AN_TOAN,AT_DUONG_DAT_DEO_NONG_THON,/shop/cam-nang/chu-de/at-duong-dat-deo-nong-thon.html,1.0.0
XM-0231,XE_MAY,XM_BAO_DUONG_KIEM_TRA,/shop/cam-nang/chu-de/xm-bao-duong-kiem-tra.html,1.0.0
DL-0231,DU_LICH,DL_DONG_BANG_BAC_BO,/shop/cam-nang/chu-de/dl-dong-bang-bac-bo.html,1.0.0
CD-0231,CUNG_DUONG,CD_DONG_BANG_VEN_BIEN,/shop/cam-nang/chu-de/cd-dong-bang-ven-bien.html,1.0.0
HD-0231,HOI_DAP,HD_BAI_GUI_XE,/shop/cam-nang/chu-de/hd-bai-gui-xe.html,1.0.0
KN-0232,KINH_NGHIEM,KN_DUONG_PHO_LON,/shop/cam-nang/chu-de/kn-duong-pho-lon.html,1.0.0
AT-0232,AN_TOAN,AT_XU_LY_TINH_HUONG_DUONG,/shop/cam-nang/chu-de/at-xu-ly-tinh-huong-duong.html,1.0.0
XM-0232,XE_MAY,XM_BAO_DUONG_KIEM_TRA,/shop/cam-nang/chu-de/xm-bao-duong-kiem-tra.html,1.0.0
DL-0232,DU_LICH,DL_DONG_BANG_BAC_BO,/shop/cam-nang/chu-de/dl-dong-bang-bac-bo.html,1.0.0
CD-0232,CUNG_DUONG,CD_DONG_BANG_VEN_BIEN,/shop/cam-nang/chu-de/cd-dong-bang-ven-bien.html,1.0.0
HD-0232,HOI_DAP,HD_BAI_GUI_XE,/shop/cam-nang/chu-de/hd-bai-gui-xe.html,1.0.0
KN-0233,KINH_NGHIEM,KN_DUONG_PHO_LON,/shop/cam-nang/chu-de/kn-duong-pho-lon.html,1.0.0
AT-0233,AN_TOAN,AT_XU_LY_TINH_HUONG_DUONG,/shop/cam-nang/chu-de/at-xu-ly-tinh-huong-duong.html,1.0.0
XM-0233,XE_MAY,XM_BAO_DUONG_KIEM_TRA,/shop/cam-nang/chu-de/xm-bao-duong-kiem-tra.html,1.0.0
DL-0233,DU_LICH,DL_DONG_BANG_BAC_BO,/shop/cam-nang/chu-de/dl-dong-bang-bac-bo.html,1.0.0
CD-0233,CUNG_DUONG,CD_DONG_BANG_VEN_BIEN,/shop/cam-nang/chu-de/cd-dong-bang-ven-bien.html,1.0.0
HD-0233,HOI_DAP,HD_BAI_GUI_XE,/shop/cam-nang/chu-de/hd-bai-gui-xe.html,1.0.0
KN-0234,KINH_NGHIEM,KN_DUONG_PHO_LON,/shop/cam-nang/chu-de/kn-duong-pho-lon.html,1.0.0
AT-0234,AN_TOAN,AT_XU_LY_TINH_HUONG_DUONG,/shop/cam-nang/chu-de/at-xu-ly-tinh-huong-duong.html,1.0.0
XM-0234,XE_MAY,XM_BAO_DUONG_KIEM_TRA,/shop/cam-nang/chu-de/xm-bao-duong-kiem-tra.html,1.0.0
DL-0234,DU_LICH,DL_DONG_BANG_BAC_BO,/shop/cam-nang/chu-de/dl-dong-bang-bac-bo.html,1.0.0
CD-0234,CUNG_DUONG,CD_DONG_BANG_VEN_BIEN,/shop/cam-nang/chu-de/cd-dong-bang-ven-bien.html,1.0.0
HD-0234,HOI_DAP,HD_THUE_XE,/shop/cam-nang/chu-de/hd-thue-xe.html,1.0.0
KN-0235,KINH_NGHIEM,KN_DUONG_PHO_LON,/shop/cam-nang/chu-de/kn-duong-pho-lon.html,1.0.0
AT-0235,AN_TOAN,AT_XU_LY_TINH_HUONG_DUONG,/shop/cam-nang/chu-de/at-xu-ly-tinh-huong-duong.html,1.0.0
XM-0235,XE_MAY,XM_BAO_DUONG_KIEM_TRA,/shop/cam-nang/chu-de/xm-bao-duong-kiem-tra.html,1.0.0
DL-0235,DU_LICH,DL_DONG_BANG_BAC_BO,/shop/cam-nang/chu-de/dl-dong-bang-bac-bo.html,1.0.0
CD-0235,CUNG_DUONG,CD_DONG_BANG_VEN_BIEN,/shop/cam-nang/chu-de/cd-dong-bang-ven-bien.html,1.0.0
HD-0235,HOI_DAP,HD_DUONG_DI_DIA_DIEM,/shop/cam-nang/chu-de/hd-duong-di-dia-diem.html,1.0.0
KN-0236,KINH_NGHIEM,KN_DUONG_PHO_LON,/shop/cam-nang/chu-de/kn-duong-pho-lon.html,1.0.0
AT-0236,AN_TOAN,AT_XU_LY_TINH_HUONG_DUONG,/shop/cam-nang/chu-de/at-xu-ly-tinh-huong-duong.html,1.0.0
XM-0236,XE_MAY,XM_BAO_DUONG_KIEM_TRA,/shop/cam-nang/chu-de/xm-bao-duong-kiem-tra.html,1.0.0
DL-0236,DU_LICH,DL_DONG_BANG_BAC_BO,/shop/cam-nang/chu-de/dl-dong-bang-bac-bo.html,1.0.0
CD-0236,CUNG_DUONG,CD_TAY_BAC_XA,/shop/cam-nang/chu-de/cd-tay-bac-xa.html,1.0.0
HD-0236,HOI_DAP,HD_DUONG_DI_DIA_DIEM,/shop/cam-nang/chu-de/hd-duong-di-dia-diem.html,1.0.0
KN-0237,KINH_NGHIEM,KN_DUONG_PHO_LON,/shop/cam-nang/chu-de/kn-duong-pho-lon.html,1.0.0
AT-0237,AN_TOAN,AT_XU_LY_TINH_HUONG_DUONG,/shop/cam-nang/chu-de/at-xu-ly-tinh-huong-duong.html,1.0.0
XM-0237,XE_MAY,XM_BAO_DUONG_KIEM_TRA,/shop/cam-nang/chu-de/xm-bao-duong-kiem-tra.html,1.0.0
DL-0237,DU_LICH,DL_DONG_BANG_BAC_BO,/shop/cam-nang/chu-de/dl-dong-bang-bac-bo.html,1.0.0
CD-0237,CUNG_DUONG,CD_TAY_BAC_XA,/shop/cam-nang/chu-de/cd-tay-bac-xa.html,1.0.0
HD-0237,HOI_DAP,HD_BAI_GUI_XE,/shop/cam-nang/chu-de/hd-bai-gui-xe.html,1.0.0
KN-0238,KINH_NGHIEM,KN_DUONG_PHO_LON,/shop/cam-nang/chu-de/kn-duong-pho-lon.html,1.0.0
AT-0238,AN_TOAN,AT_XU_LY_TINH_HUONG_DUONG,/shop/cam-nang/chu-de/at-xu-ly-tinh-huong-duong.html,1.0.0
XM-0238,XE_MAY,XM_BAO_DUONG_KIEM_TRA,/shop/cam-nang/chu-de/xm-bao-duong-kiem-tra.html,1.0.0
DL-0238,DU_LICH,DL_DONG_BANG_BAC_BO,/shop/cam-nang/chu-de/dl-dong-bang-bac-bo.html,1.0.0
CD-0238,CUNG_DUONG,CD_TAY_BAC_XA,/shop/cam-nang/chu-de/cd-tay-bac-xa.html,1.0.0
HD-0238,HOI_DAP,HD_DUONG_DI_DIA_DIEM,/shop/cam-nang/chu-de/hd-duong-di-dia-diem.html,1.0.0
KN-0239,KINH_NGHIEM,KN_DUONG_PHO_LON,/shop/cam-nang/chu-de/kn-duong-pho-lon.html,1.0.0
AT-0239,AN_TOAN,AT_XU_LY_TINH_HUONG_DUONG,/shop/cam-nang/chu-de/at-xu-ly-tinh-huong-duong.html,1.0.0
XM-0239,XE_MAY,XM_BAO_DUONG_KIEM_TRA,/shop/cam-nang/chu-de/xm-bao-duong-kiem-tra.html,1.0.0
DL-0239,DU_LICH,DL_DONG_BANG_BAC_BO,/shop/cam-nang/chu-de/dl-dong-bang-bac-bo.html,1.0.0
CD-0239,CUNG_DUONG,CD_TAY_BAC_XA,/shop/cam-nang/chu-de/cd-tay-bac-xa.html,1.0.0
HD-0239,HOI_DAP,HD_GIAY_TO_PHAP_LY,/shop/cam-nang/chu-de/hd-giay-to-phap-ly.html,1.0.0
KN-0240,KINH_NGHIEM,KN_DUONG_PHO_LON,/shop/cam-nang/chu-de/kn-duong-pho-lon.html,1.0.0
AT-0240,AN_TOAN,AT_XU_LY_TINH_HUONG_DUONG,/shop/cam-nang/chu-de/at-xu-ly-tinh-huong-duong.html,1.0.0
XM-0240,XE_MAY,XM_BAO_DUONG_KIEM_TRA,/shop/cam-nang/chu-de/xm-bao-duong-kiem-tra.html,1.0.0
DL-0240,DU_LICH,DL_DONG_BANG_BAC_BO,/shop/cam-nang/chu-de/dl-dong-bang-bac-bo.html,1.0.0
CD-0240,CUNG_DUONG,CD_TAY_BAC_XA,/shop/cam-nang/chu-de/cd-tay-bac-xa.html,1.0.0
HD-0240,HOI_DAP,HD_GIAY_TO_PHAP_LY,/shop/cam-nang/chu-de/hd-giay-to-phap-ly.html,1.0.0
KN-0241,KINH_NGHIEM,KN_DUONG_PHO_LON,/shop/cam-nang/chu-de/kn-duong-pho-lon.html,1.0.0
AT-0241,AN_TOAN,AT_XU_LY_TINH_HUONG_DUONG,/shop/cam-nang/chu-de/at-xu-ly-tinh-huong-duong.html,1.0.0
XM-0241,XE_MAY,XM_BAO_DUONG_KIEM_TRA,/shop/cam-nang/chu-de/xm-bao-duong-kiem-tra.html,1.0.0
DL-0241,DU_LICH,DL_DONG_BANG_BAC_BO,/shop/cam-nang/chu-de/dl-dong-bang-bac-bo.html,1.0.0
CD-0241,CUNG_DUONG,CD_TAY_BAC_XA,/shop/cam-nang/chu-de/cd-tay-bac-xa.html,1.0.0
HD-0241,HOI_DAP,HD_GIAY_TO_PHAP_LY,/shop/cam-nang/chu-de/hd-giay-to-phap-ly.html,1.0.0
KN-0242,KINH_NGHIEM,KN_DUONG_PHO_LON,/shop/cam-nang/chu-de/kn-duong-pho-lon.html,1.0.0
AT-0242,AN_TOAN,AT_XU_LY_TINH_HUONG_DUONG,/shop/cam-nang/chu-de/at-xu-ly-tinh-huong-duong.html,1.0.0
XM-0242,XE_MAY,XM_BAO_DUONG_KIEM_TRA,/shop/cam-nang/chu-de/xm-bao-duong-kiem-tra.html,1.0.0
DL-0242,DU_LICH,DL_DONG_BANG_BAC_BO,/shop/cam-nang/chu-de/dl-dong-bang-bac-bo.html,1.0.0
CD-0242,CUNG_DUONG,CD_PHU_THO_VINH_PHUC,/shop/cam-nang/chu-de/cd-phu-tho-vinh-phuc.html,1.0.0
HD-0242,HOI_DAP,HD_THUE_XE,/shop/cam-nang/chu-de/hd-thue-xe.html,1.0.0
KN-0243,KINH_NGHIEM,KN_DUONG_PHO_LON,/shop/cam-nang/chu-de/kn-duong-pho-lon.html,1.0.0
AT-0243,AN_TOAN,AT_XU_LY_TINH_HUONG_DUONG,/shop/cam-nang/chu-de/at-xu-ly-tinh-huong-duong.html,1.0.0
XM-0243,XE_MAY,XM_BAO_DUONG_KIEM_TRA,/shop/cam-nang/chu-de/xm-bao-duong-kiem-tra.html,1.0.0
DL-0243,DU_LICH,DL_DONG_BANG_BAC_BO,/shop/cam-nang/chu-de/dl-dong-bang-bac-bo.html,1.0.0
CD-0243,CUNG_DUONG,CD_PHU_THO_VINH_PHUC,/shop/cam-nang/chu-de/cd-phu-tho-vinh-phuc.html,1.0.0
HD-0243,HOI_DAP,HD_THUE_XE,/shop/cam-nang/chu-de/hd-thue-xe.html,1.0.0
KN-0244,KINH_NGHIEM,KN_DUONG_PHO_LON,/shop/cam-nang/chu-de/kn-duong-pho-lon.html,1.0.0
AT-0244,AN_TOAN,AT_XU_LY_TINH_HUONG_DUONG,/shop/cam-nang/chu-de/at-xu-ly-tinh-huong-duong.html,1.0.0
XM-0244,XE_MAY,XM_PHU_KIEN_DO_DUNG,/shop/cam-nang/chu-de/xm-phu-kien-do-dung.html,1.0.0
DL-0244,DU_LICH,DL_DONG_BANG_BAC_BO,/shop/cam-nang/chu-de/dl-dong-bang-bac-bo.html,1.0.0
CD-0244,CUNG_DUONG,CD_PHU_THO_VINH_PHUC,/shop/cam-nang/chu-de/cd-phu-tho-vinh-phuc.html,1.0.0
HD-0244,HOI_DAP,HD_THUE_XE,/shop/cam-nang/chu-de/hd-thue-xe.html,1.0.0
KN-0245,KINH_NGHIEM,KN_DUONG_PHO_LON,/shop/cam-nang/chu-de/kn-duong-pho-lon.html,1.0.0
AT-0245,AN_TOAN,AT_XU_LY_TINH_HUONG_DUONG,/shop/cam-nang/chu-de/at-xu-ly-tinh-huong-duong.html,1.0.0
XM-0245,XE_MAY,XM_PHU_KIEN_DO_DUNG,/shop/cam-nang/chu-de/xm-phu-kien-do-dung.html,1.0.0
DL-0245,DU_LICH,DL_DONG_BANG_BAC_BO,/shop/cam-nang/chu-de/dl-dong-bang-bac-bo.html,1.0.0
CD-0245,CUNG_DUONG,CD_PHU_THO_VINH_PHUC,/shop/cam-nang/chu-de/cd-phu-tho-vinh-phuc.html,1.0.0
HD-0245,HOI_DAP,HD_THUE_XE,/shop/cam-nang/chu-de/hd-thue-xe.html,1.0.0
KN-0246,KINH_NGHIEM,KN_DUONG_PHO_LON,/shop/cam-nang/chu-de/kn-duong-pho-lon.html,1.0.0
AT-0246,AN_TOAN,AT_DUONG_DAT_DEO_NONG_THON,/shop/cam-nang/chu-de/at-duong-dat-deo-nong-thon.html,1.0.0
XM-0246,XE_MAY,XM_PHU_KIEN_DO_DUNG,/shop/cam-nang/chu-de/xm-phu-kien-do-dung.html,1.0.0
DL-0246,DU_LICH,DL_DONG_BANG_BAC_BO,/shop/cam-nang/chu-de/dl-dong-bang-bac-bo.html,1.0.0
CD-0246,CUNG_DUONG,CD_PHU_THO_VINH_PHUC,/shop/cam-nang/chu-de/cd-phu-tho-vinh-phuc.html,1.0.0
HD-0246,HOI_DAP,HD_THUE_XE,/shop/cam-nang/chu-de/hd-thue-xe.html,1.0.0
KN-0247,KINH_NGHIEM,KN_DUONG_PHO_LON,/shop/cam-nang/chu-de/kn-duong-pho-lon.html,1.0.0
AT-0247,AN_TOAN,AT_XU_LY_TINH_HUONG_DUONG,/shop/cam-nang/chu-de/at-xu-ly-tinh-huong-duong.html,1.0.0
XM-0247,XE_MAY,XM_PHU_KIEN_DO_DUNG,/shop/cam-nang/chu-de/xm-phu-kien-do-dung.html,1.0.0
DL-0247,DU_LICH,DL_DONG_BANG_BAC_BO,/shop/cam-nang/chu-de/dl-dong-bang-bac-bo.html,1.0.0
CD-0247,CUNG_DUONG,CD_DONG_BAC_GAN,/shop/cam-nang/chu-de/cd-dong-bac-gan.html,1.0.0
HD-0247,HOI_DAP,HD_THUE_XE,/shop/cam-nang/chu-de/hd-thue-xe.html,1.0.0
KN-0248,KINH_NGHIEM,KN_DUONG_PHO_LON,/shop/cam-nang/chu-de/kn-duong-pho-lon.html,1.0.0
AT-0248,AN_TOAN,AT_XU_LY_TINH_HUONG_DUONG,/shop/cam-nang/chu-de/at-xu-ly-tinh-huong-duong.html,1.0.0
XM-0248,XE_MAY,XM_PHU_KIEN_DO_DUNG,/shop/cam-nang/chu-de/xm-phu-kien-do-dung.html,1.0.0
DL-0248,DU_LICH,DL_DONG_BANG_BAC_BO,/shop/cam-nang/chu-de/dl-dong-bang-bac-bo.html,1.0.0
CD-0248,CUNG_DUONG,CD_DONG_BAC_GAN,/shop/cam-nang/chu-de/cd-dong-bac-gan.html,1.0.0
HD-0248,HOI_DAP,HD_THUE_XE,/shop/cam-nang/chu-de/hd-thue-xe.html,1.0.0
KN-0249,KINH_NGHIEM,KN_DUONG_PHO_LON,/shop/cam-nang/chu-de/kn-duong-pho-lon.html,1.0.0
AT-0249,AN_TOAN,AT_XU_LY_TINH_HUONG_DUONG,/shop/cam-nang/chu-de/at-xu-ly-tinh-huong-duong.html,1.0.0
XM-0249,XE_MAY,XM_PHU_KIEN_DO_DUNG,/shop/cam-nang/chu-de/xm-phu-kien-do-dung.html,1.0.0
DL-0249,DU_LICH,DL_DONG_BANG_BAC_BO,/shop/cam-nang/chu-de/dl-dong-bang-bac-bo.html,1.0.0
CD-0249,CUNG_DUONG,CD_DONG_BAC_GAN,/shop/cam-nang/chu-de/cd-dong-bac-gan.html,1.0.0
HD-0249,HOI_DAP,HD_THUE_XE,/shop/cam-nang/chu-de/hd-thue-xe.html,1.0.0
KN-0250,KINH_NGHIEM,KN_DUONG_PHO_LON,/shop/cam-nang/chu-de/kn-duong-pho-lon.html,1.0.0
AT-0250,AN_TOAN,AT_XU_LY_TINH_HUONG_DUONG,/shop/cam-nang/chu-de/at-xu-ly-tinh-huong-duong.html,1.0.0
XM-0250,XE_MAY,XM_PHU_KIEN_DO_DUNG,/shop/cam-nang/chu-de/xm-phu-kien-do-dung.html,1.0.0
DL-0250,DU_LICH,DL_DONG_BANG_BAC_BO,/shop/cam-nang/chu-de/dl-dong-bang-bac-bo.html,1.0.0
CD-0250,CUNG_DUONG,CD_DONG_BANG_VEN_BIEN,/shop/cam-nang/chu-de/cd-dong-bang-ven-bien.html,1.0.0
HD-0250,HOI_DAP,HD_THUE_XE,/shop/cam-nang/chu-de/hd-thue-xe.html,1.0.0
KN-0251,KINH_NGHIEM,KN_DUONG_PHO_LON,/shop/cam-nang/chu-de/kn-duong-pho-lon.html,1.0.0
AT-0251,AN_TOAN,AT_XU_LY_TINH_HUONG_DUONG,/shop/cam-nang/chu-de/at-xu-ly-tinh-huong-duong.html,1.0.0
XM-0251,XE_MAY,XM_PHU_KIEN_DO_DUNG,/shop/cam-nang/chu-de/xm-phu-kien-do-dung.html,1.0.0
DL-0251,DU_LICH,DL_DONG_BANG_BAC_BO,/shop/cam-nang/chu-de/dl-dong-bang-bac-bo.html,1.0.0
CD-0251,CUNG_DUONG,CD_DONG_BANG_VEN_BIEN,/shop/cam-nang/chu-de/cd-dong-bang-ven-bien.html,1.0.0
HD-0251,HOI_DAP,HD_THUE_XE,/shop/cam-nang/chu-de/hd-thue-xe.html,1.0.0
KN-0252,KINH_NGHIEM,KN_DUONG_PHO_LON,/shop/cam-nang/chu-de/kn-duong-pho-lon.html,1.0.0
AT-0252,AN_TOAN,AT_NGUOI_LAI_THEO_NHU_CAU,/shop/cam-nang/chu-de/at-nguoi-lai-theo-nhu-cau.html,1.0.0
XM-0252,XE_MAY,XM_PHU_KIEN_DO_DUNG,/shop/cam-nang/chu-de/xm-phu-kien-do-dung.html,1.0.0
DL-0252,DU_LICH,DL_DONG_BANG_BAC_BO,/shop/cam-nang/chu-de/dl-dong-bang-bac-bo.html,1.0.0
CD-0252,CUNG_DUONG,CD_DONG_BANG_VEN_BIEN,/shop/cam-nang/chu-de/cd-dong-bang-ven-bien.html,1.0.0
HD-0252,HOI_DAP,HD_THUE_XE,/shop/cam-nang/chu-de/hd-thue-xe.html,1.0.0
KN-0253,KINH_NGHIEM,KN_DUONG_PHO_LON,/shop/cam-nang/chu-de/kn-duong-pho-lon.html,1.0.0
AT-0253,AN_TOAN,AT_NGUOI_LAI_THEO_NHU_CAU,/shop/cam-nang/chu-de/at-nguoi-lai-theo-nhu-cau.html,1.0.0
XM-0253,XE_MAY,XM_PHU_KIEN_DO_DUNG,/shop/cam-nang/chu-de/xm-phu-kien-do-dung.html,1.0.0
DL-0253,DU_LICH,DL_DONG_BANG_BAC_BO,/shop/cam-nang/chu-de/dl-dong-bang-bac-bo.html,1.0.0
CD-0253,CUNG_DUONG,CD_DONG_BANG_VEN_BIEN,/shop/cam-nang/chu-de/cd-dong-bang-ven-bien.html,1.0.0
HD-0253,HOI_DAP,HD_THUE_XE,/shop/cam-nang/chu-de/hd-thue-xe.html,1.0.0
KN-0254,KINH_NGHIEM,KN_DUONG_PHO_LON,/shop/cam-nang/chu-de/kn-duong-pho-lon.html,1.0.0
AT-0254,AN_TOAN,AT_NGUOI_LAI_THEO_NHU_CAU,/shop/cam-nang/chu-de/at-nguoi-lai-theo-nhu-cau.html,1.0.0
XM-0254,XE_MAY,XM_PHU_KIEN_DO_DUNG,/shop/cam-nang/chu-de/xm-phu-kien-do-dung.html,1.0.0
DL-0254,DU_LICH,DL_DONG_BANG_BAC_BO,/shop/cam-nang/chu-de/dl-dong-bang-bac-bo.html,1.0.0
CD-0254,CUNG_DUONG,CD_DONG_BANG_VEN_BIEN,/shop/cam-nang/chu-de/cd-dong-bang-ven-bien.html,1.0.0
HD-0254,HOI_DAP,HD_THUE_XE,/shop/cam-nang/chu-de/hd-thue-xe.html,1.0.0
KN-0255,KINH_NGHIEM,KN_DUONG_PHO_LON,/shop/cam-nang/chu-de/kn-duong-pho-lon.html,1.0.0
AT-0255,AN_TOAN,AT_NGUOI_LAI_THEO_NHU_CAU,/shop/cam-nang/chu-de/at-nguoi-lai-theo-nhu-cau.html,1.0.0
XM-0255,XE_MAY,XM_PHU_KIEN_DO_DUNG,/shop/cam-nang/chu-de/xm-phu-kien-do-dung.html,1.0.0
DL-0255,DU_LICH,DL_DONG_BANG_BAC_BO,/shop/cam-nang/chu-de/dl-dong-bang-bac-bo.html,1.0.0
CD-0255,CUNG_DUONG,CD_DONG_BANG_VEN_BIEN,/shop/cam-nang/chu-de/cd-dong-bang-ven-bien.html,1.0.0
HD-0255,HOI_DAP,HD_THUE_XE,/shop/cam-nang/chu-de/hd-thue-xe.html,1.0.0
KN-0256,KINH_NGHIEM,KN_DUONG_PHO_LON,/shop/cam-nang/chu-de/kn-duong-pho-lon.html,1.0.0
AT-0256,AN_TOAN,AT_NGUOI_LAI_THEO_NHU_CAU,/shop/cam-nang/chu-de/at-nguoi-lai-theo-nhu-cau.html,1.0.0
XM-0256,XE_MAY,XM_PHU_KIEN_DO_DUNG,/shop/cam-nang/chu-de/xm-phu-kien-do-dung.html,1.0.0
DL-0256,DU_LICH,DL_DONG_BANG_BAC_BO,/shop/cam-nang/chu-de/dl-dong-bang-bac-bo.html,1.0.0
CD-0256,CUNG_DUONG,CD_DONG_BANG_VEN_BIEN,/shop/cam-nang/chu-de/cd-dong-bang-ven-bien.html,1.0.0
HD-0256,HOI_DAP,HD_THUE_XE,/shop/cam-nang/chu-de/hd-thue-xe.html,1.0.0
KN-0257,KINH_NGHIEM,KN_DUONG_PHO_LON,/shop/cam-nang/chu-de/kn-duong-pho-lon.html,1.0.0
AT-0257,AN_TOAN,AT_NGUOI_LAI_THEO_NHU_CAU,/shop/cam-nang/chu-de/at-nguoi-lai-theo-nhu-cau.html,1.0.0
XM-0257,XE_MAY,XM_PHU_KIEN_DO_DUNG,/shop/cam-nang/chu-de/xm-phu-kien-do-dung.html,1.0.0
DL-0257,DU_LICH,DL_QUANG_NINH_HAI_PHONG,/shop/cam-nang/chu-de/dl-quang-ninh-hai-phong.html,1.0.0
CD-0257,CUNG_DUONG,CD_DONG_BANG_VEN_BIEN,/shop/cam-nang/chu-de/cd-dong-bang-ven-bien.html,1.0.0
HD-0257,HOI_DAP,HD_THUE_XE,/shop/cam-nang/chu-de/hd-thue-xe.html,1.0.0
KN-0258,KINH_NGHIEM,KN_DUONG_PHO_LON,/shop/cam-nang/chu-de/kn-duong-pho-lon.html,1.0.0
AT-0258,AN_TOAN,AT_NGUOI_LAI_THEO_NHU_CAU,/shop/cam-nang/chu-de/at-nguoi-lai-theo-nhu-cau.html,1.0.0
XM-0258,XE_MAY,XM_PHU_KIEN_DO_DUNG,/shop/cam-nang/chu-de/xm-phu-kien-do-dung.html,1.0.0
DL-0258,DU_LICH,DL_QUANG_NINH_HAI_PHONG,/shop/cam-nang/chu-de/dl-quang-ninh-hai-phong.html,1.0.0
CD-0258,CUNG_DUONG,CD_DONG_BANG_VEN_BIEN,/shop/cam-nang/chu-de/cd-dong-bang-ven-bien.html,1.0.0
HD-0258,HOI_DAP,HD_THUE_XE,/shop/cam-nang/chu-de/hd-thue-xe.html,1.0.0
KN-0259,KINH_NGHIEM,KN_DUONG_PHO_LON,/shop/cam-nang/chu-de/kn-duong-pho-lon.html,1.0.0
AT-0259,AN_TOAN,AT_NGUOI_LAI_THEO_NHU_CAU,/shop/cam-nang/chu-de/at-nguoi-lai-theo-nhu-cau.html,1.0.0
XM-0259,XE_MAY,XM_PHU_KIEN_DO_DUNG,/shop/cam-nang/chu-de/xm-phu-kien-do-dung.html,1.0.0
DL-0259,DU_LICH,DL_QUANG_NINH_HAI_PHONG,/shop/cam-nang/chu-de/dl-quang-ninh-hai-phong.html,1.0.0
CD-0259,CUNG_DUONG,CD_TAY_BAC_XA,/shop/cam-nang/chu-de/cd-tay-bac-xa.html,1.0.0
HD-0259,HOI_DAP,HD_THUE_XE,/shop/cam-nang/chu-de/hd-thue-xe.html,1.0.0
KN-0260,KINH_NGHIEM,KN_DUONG_PHO_LON,/shop/cam-nang/chu-de/kn-duong-pho-lon.html,1.0.0
AT-0260,AN_TOAN,AT_NGUOI_LAI_THEO_NHU_CAU,/shop/cam-nang/chu-de/at-nguoi-lai-theo-nhu-cau.html,1.0.0
XM-0260,XE_MAY,XM_XE_MAY_DIEN,/shop/cam-nang/chu-de/xm-xe-may-dien.html,1.0.0
DL-0260,DU_LICH,DL_QUANG_NINH_HAI_PHONG,/shop/cam-nang/chu-de/dl-quang-ninh-hai-phong.html,1.0.0
CD-0260,CUNG_DUONG,CD_TAY_BAC_XA,/shop/cam-nang/chu-de/cd-tay-bac-xa.html,1.0.0
HD-0260,HOI_DAP,HD_THUE_XE,/shop/cam-nang/chu-de/hd-thue-xe.html,1.0.0
KN-0261,KINH_NGHIEM,KN_DUONG_PHO_LON,/shop/cam-nang/chu-de/kn-duong-pho-lon.html,1.0.0
AT-0261,AN_TOAN,AT_NGUOI_LAI_THEO_NHU_CAU,/shop/cam-nang/chu-de/at-nguoi-lai-theo-nhu-cau.html,1.0.0
XM-0261,XE_MAY,XM_XE_MAY_DIEN,/shop/cam-nang/chu-de/xm-xe-may-dien.html,1.0.0
DL-0261,DU_LICH,DL_QUANG_NINH_HAI_PHONG,/shop/cam-nang/chu-de/dl-quang-ninh-hai-phong.html,1.0.0
CD-0261,CUNG_DUONG,CD_TAY_BAC_XA,/shop/cam-nang/chu-de/cd-tay-bac-xa.html,1.0.0
HD-0261,HOI_DAP,HD_THUE_XE,/shop/cam-nang/chu-de/hd-thue-xe.html,1.0.0
KN-0262,KINH_NGHIEM,KN_DUONG_PHO_LON,/shop/cam-nang/chu-de/kn-duong-pho-lon.html,1.0.0
AT-0262,AN_TOAN,AT_NGUOI_LAI_THEO_NHU_CAU,/shop/cam-nang/chu-de/at-nguoi-lai-theo-nhu-cau.html,1.0.0
XM-0262,XE_MAY,XM_XE_MAY_DIEN,/shop/cam-nang/chu-de/xm-xe-may-dien.html,1.0.0
DL-0262,DU_LICH,DL_QUANG_NINH_HAI_PHONG,/shop/cam-nang/chu-de/dl-quang-ninh-hai-phong.html,1.0.0
CD-0262,CUNG_DUONG,CD_DONG_BAC_GAN,/shop/cam-nang/chu-de/cd-dong-bac-gan.html,1.0.0
HD-0262,HOI_DAP,HD_THUE_XE,/shop/cam-nang/chu-de/hd-thue-xe.html,1.0.0
KN-0263,KINH_NGHIEM,KN_DUONG_PHO_LON,/shop/cam-nang/chu-de/kn-duong-pho-lon.html,1.0.0
AT-0263,AN_TOAN,AT_NGUOI_LAI_THEO_NHU_CAU,/shop/cam-nang/chu-de/at-nguoi-lai-theo-nhu-cau.html,1.0.0
XM-0263,XE_MAY,XM_XE_MAY_DIEN,/shop/cam-nang/chu-de/xm-xe-may-dien.html,1.0.0
DL-0263,DU_LICH,DL_QUANG_NINH_HAI_PHONG,/shop/cam-nang/chu-de/dl-quang-ninh-hai-phong.html,1.0.0
CD-0263,CUNG_DUONG,CD_DONG_BAC_GAN,/shop/cam-nang/chu-de/cd-dong-bac-gan.html,1.0.0
HD-0263,HOI_DAP,HD_THUE_XE,/shop/cam-nang/chu-de/hd-thue-xe.html,1.0.0
KN-0264,KINH_NGHIEM,KN_DUONG_PHO_LON,/shop/cam-nang/chu-de/kn-duong-pho-lon.html,1.0.0
AT-0264,AN_TOAN,AT_NGUOI_LAI_THEO_NHU_CAU,/shop/cam-nang/chu-de/at-nguoi-lai-theo-nhu-cau.html,1.0.0
XM-0264,XE_MAY,XM_XE_MAY_DIEN,/shop/cam-nang/chu-de/xm-xe-may-dien.html,1.0.0
DL-0264,DU_LICH,DL_QUANG_NINH_HAI_PHONG,/shop/cam-nang/chu-de/dl-quang-ninh-hai-phong.html,1.0.0
CD-0264,CUNG_DUONG,CD_DONG_BAC_GAN,/shop/cam-nang/chu-de/cd-dong-bac-gan.html,1.0.0
HD-0264,HOI_DAP,HD_THUE_XE,/shop/cam-nang/chu-de/hd-thue-xe.html,1.0.0
KN-0265,KINH_NGHIEM,KN_DUONG_PHO_LON,/shop/cam-nang/chu-de/kn-duong-pho-lon.html,1.0.0
AT-0265,AN_TOAN,AT_NGUOI_LAI_THEO_NHU_CAU,/shop/cam-nang/chu-de/at-nguoi-lai-theo-nhu-cau.html,1.0.0
XM-0265,XE_MAY,XM_XE_MAY_DIEN,/shop/cam-nang/chu-de/xm-xe-may-dien.html,1.0.0
DL-0265,DU_LICH,DL_QUANG_NINH_HAI_PHONG,/shop/cam-nang/chu-de/dl-quang-ninh-hai-phong.html,1.0.0
CD-0265,CUNG_DUONG,CD_DONG_BAC_GAN,/shop/cam-nang/chu-de/cd-dong-bac-gan.html,1.0.0
HD-0265,HOI_DAP,HD_THUE_XE,/shop/cam-nang/chu-de/hd-thue-xe.html,1.0.0
KN-0266,KINH_NGHIEM,KN_DUONG_PHO_LON,/shop/cam-nang/chu-de/kn-duong-pho-lon.html,1.0.0
AT-0266,AN_TOAN,AT_MU_TRANG_BI,/shop/cam-nang/chu-de/at-mu-trang-bi.html,1.0.0
XM-0266,XE_MAY,XM_XE_MAY_DIEN,/shop/cam-nang/chu-de/xm-xe-may-dien.html,1.0.0
DL-0266,DU_LICH,DL_QUANG_NINH_HAI_PHONG,/shop/cam-nang/chu-de/dl-quang-ninh-hai-phong.html,1.0.0
CD-0266,CUNG_DUONG,CD_DONG_BAC_GAN,/shop/cam-nang/chu-de/cd-dong-bac-gan.html,1.0.0
HD-0266,HOI_DAP,HD_THUE_XE,/shop/cam-nang/chu-de/hd-thue-xe.html,1.0.0
KN-0267,KINH_NGHIEM,KN_DUONG_PHO_LON,/shop/cam-nang/chu-de/kn-duong-pho-lon.html,1.0.0
AT-0267,AN_TOAN,AT_MU_TRANG_BI,/shop/cam-nang/chu-de/at-mu-trang-bi.html,1.0.0
XM-0267,XE_MAY,XM_XE_MAY_DIEN,/shop/cam-nang/chu-de/xm-xe-may-dien.html,1.0.0
DL-0267,DU_LICH,DL_QUANG_NINH_HAI_PHONG,/shop/cam-nang/chu-de/dl-quang-ninh-hai-phong.html,1.0.0
CD-0267,CUNG_DUONG,CD_DONG_BAC_GAN,/shop/cam-nang/chu-de/cd-dong-bac-gan.html,1.0.0
HD-0267,HOI_DAP,HD_THUE_XE,/shop/cam-nang/chu-de/hd-thue-xe.html,1.0.0
KN-0268,KINH_NGHIEM,KN_DUONG_PHO_LON,/shop/cam-nang/chu-de/kn-duong-pho-lon.html,1.0.0
AT-0268,AN_TOAN,AT_TRANG_BI_THEO_THOI_TIET,/shop/cam-nang/chu-de/at-trang-bi-theo-thoi-tiet.html,1.0.0
XM-0268,XE_MAY,XM_SO_SANH_XE,/shop/cam-nang/chu-de/xm-so-sanh-xe.html,1.0.0
DL-0268,DU_LICH,DL_QUANG_NINH_HAI_PHONG,/shop/cam-nang/chu-de/dl-quang-ninh-hai-phong.html,1.0.0
CD-0268,CUNG_DUONG,CD_DONG_BANG_VEN_BIEN,/shop/cam-nang/chu-de/cd-dong-bang-ven-bien.html,1.0.0
HD-0268,HOI_DAP,HD_THUE_XE,/shop/cam-nang/chu-de/hd-thue-xe.html,1.0.0
KN-0269,KINH_NGHIEM,KN_DUONG_PHO_LON,/shop/cam-nang/chu-de/kn-duong-pho-lon.html,1.0.0
AT-0269,AN_TOAN,AT_TRANG_BI_THEO_THOI_TIET,/shop/cam-nang/chu-de/at-trang-bi-theo-thoi-tiet.html,1.0.0
XM-0269,XE_MAY,XM_SO_SANH_XE,/shop/cam-nang/chu-de/xm-so-sanh-xe.html,1.0.0
DL-0269,DU_LICH,DL_QUANG_NINH_HAI_PHONG,/shop/cam-nang/chu-de/dl-quang-ninh-hai-phong.html,1.0.0
CD-0269,CUNG_DUONG,CD_DONG_BANG_VEN_BIEN,/shop/cam-nang/chu-de/cd-dong-bang-ven-bien.html,1.0.0
HD-0269,HOI_DAP,HD_XE_MAY_DIEN,/shop/cam-nang/chu-de/hd-xe-may-dien.html,1.0.0
KN-0270,KINH_NGHIEM,KN_DUONG_PHO_LON,/shop/cam-nang/chu-de/kn-duong-pho-lon.html,1.0.0
AT-0270,AN_TOAN,AT_TRANG_BI_THEO_THOI_TIET,/shop/cam-nang/chu-de/at-trang-bi-theo-thoi-tiet.html,1.0.0
XM-0270,XE_MAY,XM_SO_SANH_XE,/shop/cam-nang/chu-de/xm-so-sanh-xe.html,1.0.0
DL-0270,DU_LICH,DL_QUANG_NINH_HAI_PHONG,/shop/cam-nang/chu-de/dl-quang-ninh-hai-phong.html,1.0.0
CD-0270,CUNG_DUONG,CD_DONG_BANG_VEN_BIEN,/shop/cam-nang/chu-de/cd-dong-bang-ven-bien.html,1.0.0
HD-0270,HOI_DAP,HD_XE_MAY_DIEN,/shop/cam-nang/chu-de/hd-xe-may-dien.html,1.0.0
KN-0271,KINH_NGHIEM,KN_DUONG_PHO_LON,/shop/cam-nang/chu-de/kn-duong-pho-lon.html,1.0.0
AT-0271,AN_TOAN,AT_TRANG_BI_THEO_THOI_TIET,/shop/cam-nang/chu-de/at-trang-bi-theo-thoi-tiet.html,1.0.0
XM-0271,XE_MAY,XM_SO_SANH_XE,/shop/cam-nang/chu-de/xm-so-sanh-xe.html,1.0.0
DL-0271,DU_LICH,DL_QUANG_NINH_HAI_PHONG,/shop/cam-nang/chu-de/dl-quang-ninh-hai-phong.html,1.0.0
CD-0271,CUNG_DUONG,CD_TAY_BAC_XA,/shop/cam-nang/chu-de/cd-tay-bac-xa.html,1.0.0
HD-0271,HOI_DAP,HD_XE_MAY_DIEN,/shop/cam-nang/chu-de/hd-xe-may-dien.html,1.0.0
KN-0272,KINH_NGHIEM,KN_DUONG_PHO_LON,/shop/cam-nang/chu-de/kn-duong-pho-lon.html,1.0.0
AT-0272,AN_TOAN,AT_TRANG_BI_THEO_THOI_TIET,/shop/cam-nang/chu-de/at-trang-bi-theo-thoi-tiet.html,1.0.0
XM-0272,XE_MAY,XM_SO_SANH_XE,/shop/cam-nang/chu-de/xm-so-sanh-xe.html,1.0.0
DL-0272,DU_LICH,DL_QUANG_NINH_HAI_PHONG,/shop/cam-nang/chu-de/dl-quang-ninh-hai-phong.html,1.0.0
CD-0272,CUNG_DUONG,CD_TAY_BAC_XA,/shop/cam-nang/chu-de/cd-tay-bac-xa.html,1.0.0
HD-0272,HOI_DAP,HD_XE_MAY_DIEN,/shop/cam-nang/chu-de/hd-xe-may-dien.html,1.0.0
KN-0273,KINH_NGHIEM,KN_DUONG_PHO_LON,/shop/cam-nang/chu-de/kn-duong-pho-lon.html,1.0.0
AT-0273,AN_TOAN,AT_KY_NANG_NANG_CAO,/shop/cam-nang/chu-de/at-ky-nang-nang-cao.html,1.0.0
XM-0273,XE_MAY,XM_SO_SANH_XE,/shop/cam-nang/chu-de/xm-so-sanh-xe.html,1.0.0
DL-0273,DU_LICH,DL_QUANG_NINH_HAI_PHONG,/shop/cam-nang/chu-de/dl-quang-ninh-hai-phong.html,1.0.0
CD-0273,CUNG_DUONG,CD_TAY_BAC_XA,/shop/cam-nang/chu-de/cd-tay-bac-xa.html,1.0.0
HD-0273,HOI_DAP,HD_XE_MAY_DIEN,/shop/cam-nang/chu-de/hd-xe-may-dien.html,1.0.0
KN-0274,KINH_NGHIEM,KN_DUONG_PHO_LON,/shop/cam-nang/chu-de/kn-duong-pho-lon.html,1.0.0
AT-0274,AN_TOAN,AT_LUAT_XU_PHAT,/shop/cam-nang/chu-de/at-luat-xu-phat.html,1.0.0
XM-0274,XE_MAY,XM_SO_SANH_XE,/shop/cam-nang/chu-de/xm-so-sanh-xe.html,1.0.0
DL-0274,DU_LICH,DL_QUANG_NINH_HAI_PHONG,/shop/cam-nang/chu-de/dl-quang-ninh-hai-phong.html,1.0.0
CD-0274,CUNG_DUONG,CD_HA_GIANG_DONG_BAC_CA,/shop/cam-nang/chu-de/cd-ha-giang-dong-bac-ca.html,1.0.0
HD-0274,HOI_DAP,HD_THUE_XE,/shop/cam-nang/chu-de/hd-thue-xe.html,1.0.0
KN-0275,KINH_NGHIEM,KN_DUONG_PHO_LON,/shop/cam-nang/chu-de/kn-duong-pho-lon.html,1.0.0
AT-0275,AN_TOAN,AT_KY_NANG_NANG_CAO,/shop/cam-nang/chu-de/at-ky-nang-nang-cao.html,1.0.0
XM-0275,XE_MAY,XM_SO_SANH_XE,/shop/cam-nang/chu-de/xm-so-sanh-xe.html,1.0.0
DL-0275,DU_LICH,DL_QUANG_NINH_HAI_PHONG,/shop/cam-nang/chu-de/dl-quang-ninh-hai-phong.html,1.0.0
CD-0275,CUNG_DUONG,CD_HA_GIANG_DONG_BAC_CA,/shop/cam-nang/chu-de/cd-ha-giang-dong-bac-ca.html,1.0.0
HD-0275,HOI_DAP,HD_GIAY_TO_PHAP_LY,/shop/cam-nang/chu-de/hd-giay-to-phap-ly.html,1.0.0
KN-0276,KINH_NGHIEM,KN_DUONG_PHO_LON,/shop/cam-nang/chu-de/kn-duong-pho-lon.html,1.0.0
AT-0276,AN_TOAN,AT_KY_NANG_NANG_CAO,/shop/cam-nang/chu-de/at-ky-nang-nang-cao.html,1.0.0
XM-0276,XE_MAY,XM_SO_SANH_XE,/shop/cam-nang/chu-de/xm-so-sanh-xe.html,1.0.0
DL-0276,DU_LICH,DL_QUANG_NINH_HAI_PHONG,/shop/cam-nang/chu-de/dl-quang-ninh-hai-phong.html,1.0.0
CD-0276,CUNG_DUONG,CD_HA_GIANG_DONG_BAC_CA,/shop/cam-nang/chu-de/cd-ha-giang-dong-bac-ca.html,1.0.0
HD-0276,HOI_DAP,HD_TRANG_BI,/shop/cam-nang/chu-de/hd-trang-bi.html,1.0.0
KN-0277,KINH_NGHIEM,KN_DUONG_PHO_LON,/shop/cam-nang/chu-de/kn-duong-pho-lon.html,1.0.0
AT-0277,AN_TOAN,AT_KY_NANG_NANG_CAO,/shop/cam-nang/chu-de/at-ky-nang-nang-cao.html,1.0.0
XM-0277,XE_MAY,XM_SO_SANH_XE,/shop/cam-nang/chu-de/xm-so-sanh-xe.html,1.0.0
DL-0277,DU_LICH,DL_QUANG_NINH_HAI_PHONG,/shop/cam-nang/chu-de/dl-quang-ninh-hai-phong.html,1.0.0
CD-0277,CUNG_DUONG,CD_HA_GIANG_DONG_BAC_CA,/shop/cam-nang/chu-de/cd-ha-giang-dong-bac-ca.html,1.0.0
HD-0277,HOI_DAP,HD_THUE_XE,/shop/cam-nang/chu-de/hd-thue-xe.html,1.0.0
KN-0278,KINH_NGHIEM,KN_DUONG_PHO_LON,/shop/cam-nang/chu-de/kn-duong-pho-lon.html,1.0.0
AT-0278,AN_TOAN,AT_KY_NANG_NANG_CAO,/shop/cam-nang/chu-de/at-ky-nang-nang-cao.html,1.0.0
XM-0278,XE_MAY,XM_SO_SANH_XE,/shop/cam-nang/chu-de/xm-so-sanh-xe.html,1.0.0
DL-0278,DU_LICH,DL_QUANG_NINH_HAI_PHONG,/shop/cam-nang/chu-de/dl-quang-ninh-hai-phong.html,1.0.0
CD-0278,CUNG_DUONG,CD_HA_GIANG_DONG_BAC_CA,/shop/cam-nang/chu-de/cd-ha-giang-dong-bac-ca.html,1.0.0
HD-0278,HOI_DAP,HD_TRANG_BI,/shop/cam-nang/chu-de/hd-trang-bi.html,1.0.0
KN-0279,KINH_NGHIEM,KN_DUONG_PHO_LON,/shop/cam-nang/chu-de/kn-duong-pho-lon.html,1.0.0
AT-0279,AN_TOAN,AT_KY_NANG_NANG_CAO,/shop/cam-nang/chu-de/at-ky-nang-nang-cao.html,1.0.0
XM-0279,XE_MAY,XM_SO_SANH_XE,/shop/cam-nang/chu-de/xm-so-sanh-xe.html,1.0.0
DL-0279,DU_LICH,DL_QUANG_NINH_HAI_PHONG,/shop/cam-nang/chu-de/dl-quang-ninh-hai-phong.html,1.0.0
CD-0279,CUNG_DUONG,CD_HA_GIANG_DONG_BAC_CA,/shop/cam-nang/chu-de/cd-ha-giang-dong-bac-ca.html,1.0.0
HD-0279,HOI_DAP,HD_TRANG_BI,/shop/cam-nang/chu-de/hd-trang-bi.html,1.0.0
KN-0280,KINH_NGHIEM,KN_DUONG_PHO_LON,/shop/cam-nang/chu-de/kn-duong-pho-lon.html,1.0.0
AT-0280,AN_TOAN,AT_KY_NANG_NANG_CAO,/shop/cam-nang/chu-de/at-ky-nang-nang-cao.html,1.0.0
XM-0280,XE_MAY,XM_SO_SANH_XE,/shop/cam-nang/chu-de/xm-so-sanh-xe.html,1.0.0
DL-0280,DU_LICH,DL_QUANG_NINH_HAI_PHONG,/shop/cam-nang/chu-de/dl-quang-ninh-hai-phong.html,1.0.0
CD-0280,CUNG_DUONG,CD_DONG_BANG_VEN_BIEN,/shop/cam-nang/chu-de/cd-dong-bang-ven-bien.html,1.0.0
HD-0280,HOI_DAP,HD_CHON_XE,/shop/cam-nang/chu-de/hd-chon-xe.html,1.0.0
KN-0281,KINH_NGHIEM,KN_DUONG_PHO_LON,/shop/cam-nang/chu-de/kn-duong-pho-lon.html,1.0.0
AT-0281,AN_TOAN,AT_KY_NANG_NANG_CAO,/shop/cam-nang/chu-de/at-ky-nang-nang-cao.html,1.0.0
XM-0281,XE_MAY,XM_SO_SANH_XE,/shop/cam-nang/chu-de/xm-so-sanh-xe.html,1.0.0
DL-0281,DU_LICH,DL_QUANG_NINH_HAI_PHONG,/shop/cam-nang/chu-de/dl-quang-ninh-hai-phong.html,1.0.0
CD-0281,CUNG_DUONG,CD_DONG_BANG_VEN_BIEN,/shop/cam-nang/chu-de/cd-dong-bang-ven-bien.html,1.0.0
HD-0281,HOI_DAP,HD_CHON_XE,/shop/cam-nang/chu-de/hd-chon-xe.html,1.0.0
KN-0282,KINH_NGHIEM,KN_DUONG_PHO_LON,/shop/cam-nang/chu-de/kn-duong-pho-lon.html,1.0.0
AT-0282,AN_TOAN,AT_KY_NANG_NANG_CAO,/shop/cam-nang/chu-de/at-ky-nang-nang-cao.html,1.0.0
XM-0282,XE_MAY,XM_SO_SANH_XE,/shop/cam-nang/chu-de/xm-so-sanh-xe.html,1.0.0
DL-0282,DU_LICH,DL_QUANG_NINH_HAI_PHONG,/shop/cam-nang/chu-de/dl-quang-ninh-hai-phong.html,1.0.0
CD-0282,CUNG_DUONG,CD_DONG_BANG_VEN_BIEN,/shop/cam-nang/chu-de/cd-dong-bang-ven-bien.html,1.0.0
HD-0282,HOI_DAP,HD_CHON_XE,/shop/cam-nang/chu-de/hd-chon-xe.html,1.0.0
KN-0283,KINH_NGHIEM,KN_DUONG_PHO_LON,/shop/cam-nang/chu-de/kn-duong-pho-lon.html,1.0.0
AT-0283,AN_TOAN,AT_KY_NANG_NANG_CAO,/shop/cam-nang/chu-de/at-ky-nang-nang-cao.html,1.0.0
XM-0283,XE_MAY,XM_SO_SANH_XE,/shop/cam-nang/chu-de/xm-so-sanh-xe.html,1.0.0
DL-0283,DU_LICH,DL_QUANG_NINH_HAI_PHONG,/shop/cam-nang/chu-de/dl-quang-ninh-hai-phong.html,1.0.0
CD-0283,CUNG_DUONG,CD_DONG_BAC_GAN,/shop/cam-nang/chu-de/cd-dong-bac-gan.html,1.0.0
HD-0283,HOI_DAP,HD_CHON_XE,/shop/cam-nang/chu-de/hd-chon-xe.html,1.0.0
KN-0284,KINH_NGHIEM,KN_DUONG_PHO_LON,/shop/cam-nang/chu-de/kn-duong-pho-lon.html,1.0.0
AT-0284,AN_TOAN,AT_KY_NANG_NANG_CAO,/shop/cam-nang/chu-de/at-ky-nang-nang-cao.html,1.0.0
XM-0284,XE_MAY,XM_SO_SANH_XE,/shop/cam-nang/chu-de/xm-so-sanh-xe.html,1.0.0
DL-0284,DU_LICH,DL_QUANG_NINH_HAI_PHONG,/shop/cam-nang/chu-de/dl-quang-ninh-hai-phong.html,1.0.0
CD-0284,CUNG_DUONG,CD_DONG_BAC_GAN,/shop/cam-nang/chu-de/cd-dong-bac-gan.html,1.0.0
HD-0284,HOI_DAP,HD_CHON_XE,/shop/cam-nang/chu-de/hd-chon-xe.html,1.0.0
KN-0285,KINH_NGHIEM,KN_DUONG_PHO_LON,/shop/cam-nang/chu-de/kn-duong-pho-lon.html,1.0.0
AT-0285,AN_TOAN,AT_KY_NANG_NANG_CAO,/shop/cam-nang/chu-de/at-ky-nang-nang-cao.html,1.0.0
XM-0285,XE_MAY,XM_SO_SANH_XE,/shop/cam-nang/chu-de/xm-so-sanh-xe.html,1.0.0
DL-0285,DU_LICH,DL_QUANG_NINH_HAI_PHONG,/shop/cam-nang/chu-de/dl-quang-ninh-hai-phong.html,1.0.0
CD-0285,CUNG_DUONG,CD_DONG_BAC_GAN,/shop/cam-nang/chu-de/cd-dong-bac-gan.html,1.0.0
HD-0285,HOI_DAP,HD_CHON_XE,/shop/cam-nang/chu-de/hd-chon-xe.html,1.0.0
KN-0286,KINH_NGHIEM,KN_DUONG_PHO_LON,/shop/cam-nang/chu-de/kn-duong-pho-lon.html,1.0.0
AT-0286,AN_TOAN,AT_KY_NANG_NANG_CAO,/shop/cam-nang/chu-de/at-ky-nang-nang-cao.html,1.0.0
XM-0286,XE_MAY,XM_SO_SANH_XE,/shop/cam-nang/chu-de/xm-so-sanh-xe.html,1.0.0
DL-0286,DU_LICH,DL_QUANG_NINH_HAI_PHONG,/shop/cam-nang/chu-de/dl-quang-ninh-hai-phong.html,1.0.0
CD-0286,CUNG_DUONG,CD_DONG_BANG_VEN_BIEN,/shop/cam-nang/chu-de/cd-dong-bang-ven-bien.html,1.0.0
HD-0286,HOI_DAP,HD_CHI_PHI,/shop/cam-nang/chu-de/hd-chi-phi.html,1.0.0
KN-0287,KINH_NGHIEM,KN_DUONG_PHO_LON,/shop/cam-nang/chu-de/kn-duong-pho-lon.html,1.0.0
AT-0287,AN_TOAN,AT_KY_NANG_NANG_CAO,/shop/cam-nang/chu-de/at-ky-nang-nang-cao.html,1.0.0
XM-0287,XE_MAY,XM_HONDA_WAVE,/shop/cam-nang/chu-de/xm-honda-wave.html,1.0.0
DL-0287,DU_LICH,DL_QUANG_NINH_HAI_PHONG,/shop/cam-nang/chu-de/dl-quang-ninh-hai-phong.html,1.0.0
CD-0287,CUNG_DUONG,CD_DONG_BANG_VEN_BIEN,/shop/cam-nang/chu-de/cd-dong-bang-ven-bien.html,1.0.0
HD-0287,HOI_DAP,HD_CHI_PHI,/shop/cam-nang/chu-de/hd-chi-phi.html,1.0.0
KN-0288,KINH_NGHIEM,KN_DUONG_PHO_LON,/shop/cam-nang/chu-de/kn-duong-pho-lon.html,1.0.0
AT-0288,AN_TOAN,AT_KY_NANG_NANG_CAO,/shop/cam-nang/chu-de/at-ky-nang-nang-cao.html,1.0.0
XM-0288,XE_MAY,XM_HONDA_WAVE,/shop/cam-nang/chu-de/xm-honda-wave.html,1.0.0
DL-0288,DU_LICH,DL_QUANG_NINH_HAI_PHONG,/shop/cam-nang/chu-de/dl-quang-ninh-hai-phong.html,1.0.0
CD-0288,CUNG_DUONG,CD_DONG_BANG_VEN_BIEN,/shop/cam-nang/chu-de/cd-dong-bang-ven-bien.html,1.0.0
HD-0288,HOI_DAP,HD_CHI_PHI,/shop/cam-nang/chu-de/hd-chi-phi.html,1.0.0
KN-0289,KINH_NGHIEM,KN_DUONG_PHO_LON,/shop/cam-nang/chu-de/kn-duong-pho-lon.html,1.0.0
AT-0289,AN_TOAN,AT_KY_NANG_NANG_CAO,/shop/cam-nang/chu-de/at-ky-nang-nang-cao.html,1.0.0
XM-0289,XE_MAY,XM_HONDA_WAVE,/shop/cam-nang/chu-de/xm-honda-wave.html,1.0.0
DL-0289,DU_LICH,DL_QUANG_NINH_HAI_PHONG,/shop/cam-nang/chu-de/dl-quang-ninh-hai-phong.html,1.0.0
CD-0289,CUNG_DUONG,CD_DONG_BANG_VEN_BIEN,/shop/cam-nang/chu-de/cd-dong-bang-ven-bien.html,1.0.0
HD-0289,HOI_DAP,HD_CHI_PHI,/shop/cam-nang/chu-de/hd-chi-phi.html,1.0.0
KN-0290,KINH_NGHIEM,KN_DUONG_PHO_LON,/shop/cam-nang/chu-de/kn-duong-pho-lon.html,1.0.0
AT-0290,AN_TOAN,AT_KY_NANG_NANG_CAO,/shop/cam-nang/chu-de/at-ky-nang-nang-cao.html,1.0.0
XM-0290,XE_MAY,XM_HONDA_WAVE,/shop/cam-nang/chu-de/xm-honda-wave.html,1.0.0
DL-0290,DU_LICH,DL_QUANG_NINH_HAI_PHONG,/shop/cam-nang/chu-de/dl-quang-ninh-hai-phong.html,1.0.0
CD-0290,CUNG_DUONG,CD_DONG_BANG_VEN_BIEN,/shop/cam-nang/chu-de/cd-dong-bang-ven-bien.html,1.0.0
HD-0290,HOI_DAP,HD_CHI_PHI,/shop/cam-nang/chu-de/hd-chi-phi.html,1.0.0
KN-0291,KINH_NGHIEM,KN_DUONG_PHO_LON,/shop/cam-nang/chu-de/kn-duong-pho-lon.html,1.0.0
AT-0291,AN_TOAN,AT_KY_NANG_NANG_CAO,/shop/cam-nang/chu-de/at-ky-nang-nang-cao.html,1.0.0
XM-0291,XE_MAY,XM_HONDA_WAVE,/shop/cam-nang/chu-de/xm-honda-wave.html,1.0.0
DL-0291,DU_LICH,DL_QUANG_NINH_HAI_PHONG,/shop/cam-nang/chu-de/dl-quang-ninh-hai-phong.html,1.0.0
CD-0291,CUNG_DUONG,CD_DONG_BANG_VEN_BIEN,/shop/cam-nang/chu-de/cd-dong-bang-ven-bien.html,1.0.0
HD-0291,HOI_DAP,HD_CHI_PHI,/shop/cam-nang/chu-de/hd-chi-phi.html,1.0.0
KN-0292,KINH_NGHIEM,KN_DUONG_PHO_LON,/shop/cam-nang/chu-de/kn-duong-pho-lon.html,1.0.0
AT-0292,AN_TOAN,AT_KY_NANG_NANG_CAO,/shop/cam-nang/chu-de/at-ky-nang-nang-cao.html,1.0.0
XM-0292,XE_MAY,XM_HONDA_WAVE,/shop/cam-nang/chu-de/xm-honda-wave.html,1.0.0
DL-0292,DU_LICH,DL_QUANG_NINH_HAI_PHONG,/shop/cam-nang/chu-de/dl-quang-ninh-hai-phong.html,1.0.0
CD-0292,CUNG_DUONG,CD_DONG_BAC_GAN,/shop/cam-nang/chu-de/cd-dong-bac-gan.html,1.0.0
HD-0292,HOI_DAP,HD_CHI_PHI,/shop/cam-nang/chu-de/hd-chi-phi.html,1.0.0
KN-0293,KINH_NGHIEM,KN_DUONG_PHO_LON,/shop/cam-nang/chu-de/kn-duong-pho-lon.html,1.0.0
AT-0293,AN_TOAN,AT_KY_NANG_NANG_CAO,/shop/cam-nang/chu-de/at-ky-nang-nang-cao.html,1.0.0
XM-0293,XE_MAY,XM_HONDA_WAVE,/shop/cam-nang/chu-de/xm-honda-wave.html,1.0.0
DL-0293,DU_LICH,DL_QUANG_NINH_HAI_PHONG,/shop/cam-nang/chu-de/dl-quang-ninh-hai-phong.html,1.0.0
CD-0293,CUNG_DUONG,CD_DONG_BAC_GAN,/shop/cam-nang/chu-de/cd-dong-bac-gan.html,1.0.0
HD-0293,HOI_DAP,HD_CHI_PHI,/shop/cam-nang/chu-de/hd-chi-phi.html,1.0.0
KN-0294,KINH_NGHIEM,KN_DUONG_PHO_LON,/shop/cam-nang/chu-de/kn-duong-pho-lon.html,1.0.0
AT-0294,AN_TOAN,AT_KY_NANG_NANG_CAO,/shop/cam-nang/chu-de/at-ky-nang-nang-cao.html,1.0.0
XM-0294,XE_MAY,XM_HONDA_WAVE,/shop/cam-nang/chu-de/xm-honda-wave.html,1.0.0
DL-0294,DU_LICH,DL_QUANG_NINH_HAI_PHONG,/shop/cam-nang/chu-de/dl-quang-ninh-hai-phong.html,1.0.0
CD-0294,CUNG_DUONG,CD_DONG_BAC_GAN,/shop/cam-nang/chu-de/cd-dong-bac-gan.html,1.0.0
HD-0294,HOI_DAP,HD_THUE_XE,/shop/cam-nang/chu-de/hd-thue-xe.html,1.0.0
KN-0295,KINH_NGHIEM,KN_DUONG_PHO_LON,/shop/cam-nang/chu-de/kn-duong-pho-lon.html,1.0.0
AT-0295,AN_TOAN,AT_KY_NANG_NANG_CAO,/shop/cam-nang/chu-de/at-ky-nang-nang-cao.html,1.0.0
XM-0295,XE_MAY,XM_HONDA_WAVE,/shop/cam-nang/chu-de/xm-honda-wave.html,1.0.0
DL-0295,DU_LICH,DL_QUANG_NINH_HAI_PHONG,/shop/cam-nang/chu-de/dl-quang-ninh-hai-phong.html,1.0.0
CD-0295,CUNG_DUONG,CD_HOA_BINH_SON_LA,/shop/cam-nang/chu-de/cd-hoa-binh-son-la.html,1.0.0
HD-0295,HOI_DAP,HD_CHI_PHI,/shop/cam-nang/chu-de/hd-chi-phi.html,1.0.0
KN-0296,KINH_NGHIEM,KN_DUONG_PHO_LON,/shop/cam-nang/chu-de/kn-duong-pho-lon.html,1.0.0
AT-0296,AN_TOAN,AT_KY_NANG_NANG_CAO,/shop/cam-nang/chu-de/at-ky-nang-nang-cao.html,1.0.0
XM-0296,XE_MAY,XM_HONDA_WAVE,/shop/cam-nang/chu-de/xm-honda-wave.html,1.0.0
DL-0296,DU_LICH,DL_QUANG_NINH_HAI_PHONG,/shop/cam-nang/chu-de/dl-quang-ninh-hai-phong.html,1.0.0
CD-0296,CUNG_DUONG,CD_HOA_BINH_SON_LA,/shop/cam-nang/chu-de/cd-hoa-binh-son-la.html,1.0.0
HD-0296,HOI_DAP,HD_CHI_PHI,/shop/cam-nang/chu-de/hd-chi-phi.html,1.0.0
KN-0297,KINH_NGHIEM,KN_DUONG_PHO_LON,/shop/cam-nang/chu-de/kn-duong-pho-lon.html,1.0.0
AT-0297,AN_TOAN,AT_KY_NANG_NANG_CAO,/shop/cam-nang/chu-de/at-ky-nang-nang-cao.html,1.0.0
XM-0297,XE_MAY,XM_HONDA_WAVE,/shop/cam-nang/chu-de/xm-honda-wave.html,1.0.0
DL-0297,DU_LICH,DL_QUANG_NINH_HAI_PHONG,/shop/cam-nang/chu-de/dl-quang-ninh-hai-phong.html,1.0.0
CD-0297,CUNG_DUONG,CD_HOA_BINH_SON_LA,/shop/cam-nang/chu-de/cd-hoa-binh-son-la.html,1.0.0
HD-0297,HOI_DAP,HD_DUONG_DI_DIA_DIEM,/shop/cam-nang/chu-de/hd-duong-di-dia-diem.html,1.0.0
KN-0298,KINH_NGHIEM,KN_DUONG_PHO_LON,/shop/cam-nang/chu-de/kn-duong-pho-lon.html,1.0.0
AT-0298,AN_TOAN,AT_KY_NANG_NANG_CAO,/shop/cam-nang/chu-de/at-ky-nang-nang-cao.html,1.0.0
XM-0298,XE_MAY,XM_HONDA_WAVE,/shop/cam-nang/chu-de/xm-honda-wave.html,1.0.0
DL-0298,DU_LICH,DL_QUANG_NINH_HAI_PHONG,/shop/cam-nang/chu-de/dl-quang-ninh-hai-phong.html,1.0.0
CD-0298,CUNG_DUONG,CD_HOA_BINH_SON_LA,/shop/cam-nang/chu-de/cd-hoa-binh-son-la.html,1.0.0
HD-0298,HOI_DAP,HD_BAI_GUI_XE,/shop/cam-nang/chu-de/hd-bai-gui-xe.html,1.0.0
KN-0299,KINH_NGHIEM,KN_DUONG_PHO_LON,/shop/cam-nang/chu-de/kn-duong-pho-lon.html,1.0.0
AT-0299,AN_TOAN,AT_KY_NANG_NANG_CAO,/shop/cam-nang/chu-de/at-ky-nang-nang-cao.html,1.0.0
XM-0299,XE_MAY,XM_HONDA_WAVE,/shop/cam-nang/chu-de/xm-honda-wave.html,1.0.0
DL-0299,DU_LICH,DL_QUANG_NINH_HAI_PHONG,/shop/cam-nang/chu-de/dl-quang-ninh-hai-phong.html,1.0.0
CD-0299,CUNG_DUONG,CD_HOA_BINH_SON_LA,/shop/cam-nang/chu-de/cd-hoa-binh-son-la.html,1.0.0
HD-0299,HOI_DAP,HD_CHI_PHI,/shop/cam-nang/chu-de/hd-chi-phi.html,1.0.0
KN-0300,KINH_NGHIEM,KN_DUONG_PHO_LON,/shop/cam-nang/chu-de/kn-duong-pho-lon.html,1.0.0
AT-0300,AN_TOAN,AT_KY_NANG_NANG_CAO,/shop/cam-nang/chu-de/at-ky-nang-nang-cao.html,1.0.0
XM-0300,XE_MAY,XM_YAMAHA_SIRIUS,/shop/cam-nang/chu-de/xm-yamaha-sirius.html,1.0.0
DL-0300,DU_LICH,DL_QUANG_NINH_HAI_PHONG,/shop/cam-nang/chu-de/dl-quang-ninh-hai-phong.html,1.0.0
CD-0300,CUNG_DUONG,CD_HOA_BINH_SON_LA,/shop/cam-nang/chu-de/cd-hoa-binh-son-la.html,1.0.0
HD-0300,HOI_DAP,HD_CHI_PHI,/shop/cam-nang/chu-de/hd-chi-phi.html,1.0.0
KN-0301,KINH_NGHIEM,KN_TINH_HUONG_DOI_SONG,/shop/cam-nang/chu-de/kn-tinh-huong-doi-song.html,1.0.0
XM-0301,XE_MAY,XM_YAMAHA_SIRIUS,/shop/cam-nang/chu-de/xm-yamaha-sirius.html,1.0.0
DL-0301,DU_LICH,DL_NINH_BINH_PHU_THO_HA_NAM,/shop/cam-nang/chu-de/dl-ninh-binh-phu-tho-ha-nam.html,1.0.0
KN-0302,KINH_NGHIEM,KN_TINH_HUONG_DOI_SONG,/shop/cam-nang/chu-de/kn-tinh-huong-doi-song.html,1.0.0
XM-0302,XE_MAY,XM_YAMAHA_SIRIUS,/shop/cam-nang/chu-de/xm-yamaha-sirius.html,1.0.0
DL-0302,DU_LICH,DL_NINH_BINH_PHU_THO_HA_NAM,/shop/cam-nang/chu-de/dl-ninh-binh-phu-tho-ha-nam.html,1.0.0
KN-0303,KINH_NGHIEM,KN_TINH_HUONG_DOI_SONG,/shop/cam-nang/chu-de/kn-tinh-huong-doi-song.html,1.0.0
XM-0303,XE_MAY,XM_YAMAHA_SIRIUS,/shop/cam-nang/chu-de/xm-yamaha-sirius.html,1.0.0
DL-0303,DU_LICH,DL_NINH_BINH_PHU_THO_HA_NAM,/shop/cam-nang/chu-de/dl-ninh-binh-phu-tho-ha-nam.html,1.0.0
KN-0304,KINH_NGHIEM,KN_TINH_HUONG_DOI_SONG,/shop/cam-nang/chu-de/kn-tinh-huong-doi-song.html,1.0.0
XM-0304,XE_MAY,XM_YAMAHA_SIRIUS,/shop/cam-nang/chu-de/xm-yamaha-sirius.html,1.0.0
DL-0304,DU_LICH,DL_NINH_BINH_PHU_THO_HA_NAM,/shop/cam-nang/chu-de/dl-ninh-binh-phu-tho-ha-nam.html,1.0.0
KN-0305,KINH_NGHIEM,KN_TINH_HUONG_DOI_SONG,/shop/cam-nang/chu-de/kn-tinh-huong-doi-song.html,1.0.0
XM-0305,XE_MAY,XM_YAMAHA_SIRIUS,/shop/cam-nang/chu-de/xm-yamaha-sirius.html,1.0.0
DL-0305,DU_LICH,DL_NINH_BINH_PHU_THO_HA_NAM,/shop/cam-nang/chu-de/dl-ninh-binh-phu-tho-ha-nam.html,1.0.0
KN-0306,KINH_NGHIEM,KN_TINH_HUONG_DOI_SONG,/shop/cam-nang/chu-de/kn-tinh-huong-doi-song.html,1.0.0
XM-0306,XE_MAY,XM_YAMAHA_SIRIUS,/shop/cam-nang/chu-de/xm-yamaha-sirius.html,1.0.0
DL-0306,DU_LICH,DL_NINH_BINH_PHU_THO_HA_NAM,/shop/cam-nang/chu-de/dl-ninh-binh-phu-tho-ha-nam.html,1.0.0
KN-0307,KINH_NGHIEM,KN_TINH_HUONG_DOI_SONG,/shop/cam-nang/chu-de/kn-tinh-huong-doi-song.html,1.0.0
XM-0307,XE_MAY,XM_YAMAHA_SIRIUS,/shop/cam-nang/chu-de/xm-yamaha-sirius.html,1.0.0
DL-0307,DU_LICH,DL_NINH_BINH_PHU_THO_HA_NAM,/shop/cam-nang/chu-de/dl-ninh-binh-phu-tho-ha-nam.html,1.0.0
KN-0308,KINH_NGHIEM,KN_TINH_HUONG_DOI_SONG,/shop/cam-nang/chu-de/kn-tinh-huong-doi-song.html,1.0.0
XM-0308,XE_MAY,XM_YAMAHA_SIRIUS,/shop/cam-nang/chu-de/xm-yamaha-sirius.html,1.0.0
DL-0308,DU_LICH,DL_NINH_BINH_PHU_THO_HA_NAM,/shop/cam-nang/chu-de/dl-ninh-binh-phu-tho-ha-nam.html,1.0.0
KN-0309,KINH_NGHIEM,KN_TINH_HUONG_DOI_SONG,/shop/cam-nang/chu-de/kn-tinh-huong-doi-song.html,1.0.0
XM-0309,XE_MAY,XM_YAMAHA_SIRIUS,/shop/cam-nang/chu-de/xm-yamaha-sirius.html,1.0.0
DL-0309,DU_LICH,DL_NINH_BINH_PHU_THO_HA_NAM,/shop/cam-nang/chu-de/dl-ninh-binh-phu-tho-ha-nam.html,1.0.0
KN-0310,KINH_NGHIEM,KN_TINH_HUONG_DOI_SONG,/shop/cam-nang/chu-de/kn-tinh-huong-doi-song.html,1.0.0
XM-0310,XE_MAY,XM_YAMAHA_SIRIUS,/shop/cam-nang/chu-de/xm-yamaha-sirius.html,1.0.0
DL-0310,DU_LICH,DL_NINH_BINH_PHU_THO_HA_NAM,/shop/cam-nang/chu-de/dl-ninh-binh-phu-tho-ha-nam.html,1.0.0
KN-0311,KINH_NGHIEM,KN_TINH_HUONG_DOI_SONG,/shop/cam-nang/chu-de/kn-tinh-huong-doi-song.html,1.0.0
XM-0311,XE_MAY,XM_YAMAHA_SIRIUS,/shop/cam-nang/chu-de/xm-yamaha-sirius.html,1.0.0
DL-0311,DU_LICH,DL_NINH_BINH_PHU_THO_HA_NAM,/shop/cam-nang/chu-de/dl-ninh-binh-phu-tho-ha-nam.html,1.0.0
KN-0312,KINH_NGHIEM,KN_TINH_HUONG_DOI_SONG,/shop/cam-nang/chu-de/kn-tinh-huong-doi-song.html,1.0.0
XM-0312,XE_MAY,XM_YAMAHA_SIRIUS,/shop/cam-nang/chu-de/xm-yamaha-sirius.html,1.0.0
DL-0312,DU_LICH,DL_NINH_BINH_PHU_THO_HA_NAM,/shop/cam-nang/chu-de/dl-ninh-binh-phu-tho-ha-nam.html,1.0.0
KN-0313,KINH_NGHIEM,KN_TINH_HUONG_DOI_SONG,/shop/cam-nang/chu-de/kn-tinh-huong-doi-song.html,1.0.0
XM-0313,XE_MAY,XM_HONDA_CLICK,/shop/cam-nang/chu-de/xm-honda-click.html,1.0.0
DL-0313,DU_LICH,DL_NINH_BINH_PHU_THO_HA_NAM,/shop/cam-nang/chu-de/dl-ninh-binh-phu-tho-ha-nam.html,1.0.0
KN-0314,KINH_NGHIEM,KN_TINH_HUONG_DOI_SONG,/shop/cam-nang/chu-de/kn-tinh-huong-doi-song.html,1.0.0
XM-0314,XE_MAY,XM_HONDA_CLICK,/shop/cam-nang/chu-de/xm-honda-click.html,1.0.0
DL-0314,DU_LICH,DL_NINH_BINH_PHU_THO_HA_NAM,/shop/cam-nang/chu-de/dl-ninh-binh-phu-tho-ha-nam.html,1.0.0
KN-0315,KINH_NGHIEM,KN_TINH_HUONG_DOI_SONG,/shop/cam-nang/chu-de/kn-tinh-huong-doi-song.html,1.0.0
XM-0315,XE_MAY,XM_HONDA_CLICK,/shop/cam-nang/chu-de/xm-honda-click.html,1.0.0
DL-0315,DU_LICH,DL_NINH_BINH_PHU_THO_HA_NAM,/shop/cam-nang/chu-de/dl-ninh-binh-phu-tho-ha-nam.html,1.0.0
KN-0316,KINH_NGHIEM,KN_TINH_HUONG_DOI_SONG,/shop/cam-nang/chu-de/kn-tinh-huong-doi-song.html,1.0.0
XM-0316,XE_MAY,XM_HONDA_CLICK,/shop/cam-nang/chu-de/xm-honda-click.html,1.0.0
DL-0316,DU_LICH,DL_NINH_BINH_PHU_THO_HA_NAM,/shop/cam-nang/chu-de/dl-ninh-binh-phu-tho-ha-nam.html,1.0.0
KN-0317,KINH_NGHIEM,KN_TINH_HUONG_DOI_SONG,/shop/cam-nang/chu-de/kn-tinh-huong-doi-song.html,1.0.0
XM-0317,XE_MAY,XM_HONDA_CLICK,/shop/cam-nang/chu-de/xm-honda-click.html,1.0.0
DL-0317,DU_LICH,DL_NINH_BINH_PHU_THO_HA_NAM,/shop/cam-nang/chu-de/dl-ninh-binh-phu-tho-ha-nam.html,1.0.0
KN-0318,KINH_NGHIEM,KN_TINH_HUONG_DOI_SONG,/shop/cam-nang/chu-de/kn-tinh-huong-doi-song.html,1.0.0
XM-0318,XE_MAY,XM_HONDA_CLICK,/shop/cam-nang/chu-de/xm-honda-click.html,1.0.0
DL-0318,DU_LICH,DL_NINH_BINH_PHU_THO_HA_NAM,/shop/cam-nang/chu-de/dl-ninh-binh-phu-tho-ha-nam.html,1.0.0
KN-0319,KINH_NGHIEM,KN_TINH_HUONG_DOI_SONG,/shop/cam-nang/chu-de/kn-tinh-huong-doi-song.html,1.0.0
XM-0319,XE_MAY,XM_HONDA_CLICK,/shop/cam-nang/chu-de/xm-honda-click.html,1.0.0
DL-0319,DU_LICH,DL_NINH_BINH_PHU_THO_HA_NAM,/shop/cam-nang/chu-de/dl-ninh-binh-phu-tho-ha-nam.html,1.0.0
KN-0320,KINH_NGHIEM,KN_TINH_HUONG_DOI_SONG,/shop/cam-nang/chu-de/kn-tinh-huong-doi-song.html,1.0.0
XM-0320,XE_MAY,XM_YAMAHA_MIO,/shop/cam-nang/chu-de/xm-yamaha-mio.html,1.0.0
DL-0320,DU_LICH,DL_NINH_BINH_PHU_THO_HA_NAM,/shop/cam-nang/chu-de/dl-ninh-binh-phu-tho-ha-nam.html,1.0.0
KN-0321,KINH_NGHIEM,KN_TINH_HUONG_DOI_SONG,/shop/cam-nang/chu-de/kn-tinh-huong-doi-song.html,1.0.0
XM-0321,XE_MAY,XM_HONDA_VISION,/shop/cam-nang/chu-de/xm-honda-vision.html,1.0.0
DL-0321,DU_LICH,DL_NINH_BINH_PHU_THO_HA_NAM,/shop/cam-nang/chu-de/dl-ninh-binh-phu-tho-ha-nam.html,1.0.0
KN-0322,KINH_NGHIEM,KN_TINH_HUONG_DOI_SONG,/shop/cam-nang/chu-de/kn-tinh-huong-doi-song.html,1.0.0
XM-0322,XE_MAY,XM_HONDA_AIR_BLADE,/shop/cam-nang/chu-de/xm-honda-air-blade.html,1.0.0
DL-0322,DU_LICH,DL_NINH_BINH_PHU_THO_HA_NAM,/shop/cam-nang/chu-de/dl-ninh-binh-phu-tho-ha-nam.html,1.0.0
KN-0323,KINH_NGHIEM,KN_TINH_HUONG_DOI_SONG,/shop/cam-nang/chu-de/kn-tinh-huong-doi-song.html,1.0.0
XM-0323,XE_MAY,XM_HONDA_AIR_BLADE,/shop/cam-nang/chu-de/xm-honda-air-blade.html,1.0.0
DL-0323,DU_LICH,DL_NINH_BINH_PHU_THO_HA_NAM,/shop/cam-nang/chu-de/dl-ninh-binh-phu-tho-ha-nam.html,1.0.0
KN-0324,KINH_NGHIEM,KN_DUONG_PHO_LON,/shop/cam-nang/chu-de/kn-duong-pho-lon.html,1.0.0
XM-0324,XE_MAY,XM_HONDA_AIR_BLADE,/shop/cam-nang/chu-de/xm-honda-air-blade.html,1.0.0
DL-0324,DU_LICH,DL_NINH_BINH_PHU_THO_HA_NAM,/shop/cam-nang/chu-de/dl-ninh-binh-phu-tho-ha-nam.html,1.0.0
KN-0325,KINH_NGHIEM,KN_TINH_HUONG_DOI_SONG,/shop/cam-nang/chu-de/kn-tinh-huong-doi-song.html,1.0.0
XM-0325,XE_MAY,XM_HONDA_AIR_BLADE,/shop/cam-nang/chu-de/xm-honda-air-blade.html,1.0.0
DL-0325,DU_LICH,DL_NINH_BINH_PHU_THO_HA_NAM,/shop/cam-nang/chu-de/dl-ninh-binh-phu-tho-ha-nam.html,1.0.0
KN-0326,KINH_NGHIEM,KN_THEO_KHU_VUC,/shop/cam-nang/chu-de/kn-theo-khu-vuc.html,1.0.0
XM-0326,XE_MAY,XM_HONDA_AIR_BLADE,/shop/cam-nang/chu-de/xm-honda-air-blade.html,1.0.0
DL-0326,DU_LICH,DL_NINH_BINH_PHU_THO_HA_NAM,/shop/cam-nang/chu-de/dl-ninh-binh-phu-tho-ha-nam.html,1.0.0
KN-0327,KINH_NGHIEM,KN_TINH_HUONG_DOI_SONG,/shop/cam-nang/chu-de/kn-tinh-huong-doi-song.html,1.0.0
XM-0327,XE_MAY,XM_HONDA_AIR_BLADE,/shop/cam-nang/chu-de/xm-honda-air-blade.html,1.0.0
DL-0327,DU_LICH,DL_NINH_BINH_PHU_THO_HA_NAM,/shop/cam-nang/chu-de/dl-ninh-binh-phu-tho-ha-nam.html,1.0.0
KN-0328,KINH_NGHIEM,KN_TINH_HUONG_DOI_SONG,/shop/cam-nang/chu-de/kn-tinh-huong-doi-song.html,1.0.0
XM-0328,XE_MAY,XM_SU_CO_XE_THUE,/shop/cam-nang/chu-de/xm-su-co-xe-thue.html,1.0.0
DL-0328,DU_LICH,DL_NINH_BINH_PHU_THO_HA_NAM,/shop/cam-nang/chu-de/dl-ninh-binh-phu-tho-ha-nam.html,1.0.0
KN-0329,KINH_NGHIEM,KN_THUE_XE_CO_BAN,/shop/cam-nang/chu-de/kn-thue-xe-co-ban.html,1.0.0
XM-0329,XE_MAY,XM_SU_CO_XE_THUE,/shop/cam-nang/chu-de/xm-su-co-xe-thue.html,1.0.0
DL-0329,DU_LICH,DL_NINH_BINH_PHU_THO_HA_NAM,/shop/cam-nang/chu-de/dl-ninh-binh-phu-tho-ha-nam.html,1.0.0
KN-0330,KINH_NGHIEM,KN_THUE_XE_CO_BAN,/shop/cam-nang/chu-de/kn-thue-xe-co-ban.html,1.0.0
XM-0330,XE_MAY,XM_SU_CO_XE_THUE,/shop/cam-nang/chu-de/xm-su-co-xe-thue.html,1.0.0
DL-0330,DU_LICH,DL_NINH_BINH_PHU_THO_HA_NAM,/shop/cam-nang/chu-de/dl-ninh-binh-phu-tho-ha-nam.html,1.0.0
KN-0331,KINH_NGHIEM,KN_THUE_XE_CO_BAN,/shop/cam-nang/chu-de/kn-thue-xe-co-ban.html,1.0.0
XM-0331,XE_MAY,XM_SU_CO_XE_THUE,/shop/cam-nang/chu-de/xm-su-co-xe-thue.html,1.0.0
DL-0331,DU_LICH,DL_NINH_BINH_PHU_THO_HA_NAM,/shop/cam-nang/chu-de/dl-ninh-binh-phu-tho-ha-nam.html,1.0.0
KN-0332,KINH_NGHIEM,KN_TINH_HUONG_DOI_SONG,/shop/cam-nang/chu-de/kn-tinh-huong-doi-song.html,1.0.0
XM-0332,XE_MAY,XM_SU_CO_XE_THUE,/shop/cam-nang/chu-de/xm-su-co-xe-thue.html,1.0.0
DL-0332,DU_LICH,DL_NINH_BINH_PHU_THO_HA_NAM,/shop/cam-nang/chu-de/dl-ninh-binh-phu-tho-ha-nam.html,1.0.0
KN-0333,KINH_NGHIEM,KN_TINH_HUONG_DOI_SONG,/shop/cam-nang/chu-de/kn-tinh-huong-doi-song.html,1.0.0
XM-0333,XE_MAY,XM_SU_CO_XE_THUE,/shop/cam-nang/chu-de/xm-su-co-xe-thue.html,1.0.0
DL-0333,DU_LICH,DL_NINH_BINH_PHU_THO_HA_NAM,/shop/cam-nang/chu-de/dl-ninh-binh-phu-tho-ha-nam.html,1.0.0
KN-0334,KINH_NGHIEM,KN_TINH_HUONG_DOI_SONG,/shop/cam-nang/chu-de/kn-tinh-huong-doi-song.html,1.0.0
XM-0334,XE_MAY,XM_SU_CO_XE_THUE,/shop/cam-nang/chu-de/xm-su-co-xe-thue.html,1.0.0
DL-0334,DU_LICH,DL_NINH_BINH_PHU_THO_HA_NAM,/shop/cam-nang/chu-de/dl-ninh-binh-phu-tho-ha-nam.html,1.0.0
KN-0335,KINH_NGHIEM,KN_TINH_HUONG_DOI_SONG,/shop/cam-nang/chu-de/kn-tinh-huong-doi-song.html,1.0.0
XM-0335,XE_MAY,XM_SU_CO_XE_THUE,/shop/cam-nang/chu-de/xm-su-co-xe-thue.html,1.0.0
DL-0335,DU_LICH,DL_NINH_BINH_PHU_THO_HA_NAM,/shop/cam-nang/chu-de/dl-ninh-binh-phu-tho-ha-nam.html,1.0.0
KN-0336,KINH_NGHIEM,KN_TINH_HUONG_DOI_SONG,/shop/cam-nang/chu-de/kn-tinh-huong-doi-song.html,1.0.0
XM-0336,XE_MAY,XM_SU_CO_XE_THUE,/shop/cam-nang/chu-de/xm-su-co-xe-thue.html,1.0.0
DL-0336,DU_LICH,DL_NINH_BINH_PHU_THO_HA_NAM,/shop/cam-nang/chu-de/dl-ninh-binh-phu-tho-ha-nam.html,1.0.0
KN-0337,KINH_NGHIEM,KN_TINH_HUONG_DOI_SONG,/shop/cam-nang/chu-de/kn-tinh-huong-doi-song.html,1.0.0
XM-0337,XE_MAY,XM_SU_CO_XE_THUE,/shop/cam-nang/chu-de/xm-su-co-xe-thue.html,1.0.0
DL-0337,DU_LICH,DL_DIEM_DEN_NOI_TIENG,/shop/cam-nang/chu-de/dl-diem-den-noi-tieng.html,1.0.0
KN-0338,KINH_NGHIEM,KN_DUONG_PHO_LON,/shop/cam-nang/chu-de/kn-duong-pho-lon.html,1.0.0
XM-0338,XE_MAY,XM_SU_CO_XE_THUE,/shop/cam-nang/chu-de/xm-su-co-xe-thue.html,1.0.0
DL-0338,DU_LICH,DL_DIEM_DEN_NOI_TIENG,/shop/cam-nang/chu-de/dl-diem-den-noi-tieng.html,1.0.0
KN-0339,KINH_NGHIEM,KN_TINH_HUONG_DOI_SONG,/shop/cam-nang/chu-de/kn-tinh-huong-doi-song.html,1.0.0
XM-0339,XE_MAY,XM_SU_CO_XE_THUE,/shop/cam-nang/chu-de/xm-su-co-xe-thue.html,1.0.0
DL-0339,DU_LICH,DL_DIEM_DEN_NOI_TIENG,/shop/cam-nang/chu-de/dl-diem-den-noi-tieng.html,1.0.0
KN-0340,KINH_NGHIEM,KN_TINH_HUONG_DOI_SONG,/shop/cam-nang/chu-de/kn-tinh-huong-doi-song.html,1.0.0
XM-0340,XE_MAY,XM_SU_CO_XE_THUE,/shop/cam-nang/chu-de/xm-su-co-xe-thue.html,1.0.0
DL-0340,DU_LICH,DL_DIEM_DEN_NOI_TIENG,/shop/cam-nang/chu-de/dl-diem-den-noi-tieng.html,1.0.0
KN-0341,KINH_NGHIEM,KN_DUONG_PHO_LON,/shop/cam-nang/chu-de/kn-duong-pho-lon.html,1.0.0
XM-0341,XE_MAY,XM_SU_CO_XE_THUE,/shop/cam-nang/chu-de/xm-su-co-xe-thue.html,1.0.0
DL-0341,DU_LICH,DL_DIEM_DEN_NOI_TIENG,/shop/cam-nang/chu-de/dl-diem-den-noi-tieng.html,1.0.0
KN-0342,KINH_NGHIEM,KN_TINH_HUONG_DOI_SONG,/shop/cam-nang/chu-de/kn-tinh-huong-doi-song.html,1.0.0
XM-0342,XE_MAY,XM_KIEM_TRA_KY_THUAT,/shop/cam-nang/chu-de/xm-kiem-tra-ky-thuat.html,1.0.0
DL-0342,DU_LICH,DL_DIEM_DEN_NOI_TIENG,/shop/cam-nang/chu-de/dl-diem-den-noi-tieng.html,1.0.0
KN-0343,KINH_NGHIEM,KN_TINH_HUONG_DOI_SONG,/shop/cam-nang/chu-de/kn-tinh-huong-doi-song.html,1.0.0
XM-0343,XE_MAY,XM_KIEM_TRA_KY_THUAT,/shop/cam-nang/chu-de/xm-kiem-tra-ky-thuat.html,1.0.0
DL-0343,DU_LICH,DL_DIEM_DEN_NOI_TIENG,/shop/cam-nang/chu-de/dl-diem-den-noi-tieng.html,1.0.0
KN-0344,KINH_NGHIEM,KN_TINH_HUONG_DOI_SONG,/shop/cam-nang/chu-de/kn-tinh-huong-doi-song.html,1.0.0
XM-0344,XE_MAY,XM_KIEM_TRA_KY_THUAT,/shop/cam-nang/chu-de/xm-kiem-tra-ky-thuat.html,1.0.0
DL-0344,DU_LICH,DL_DIEM_DEN_NOI_TIENG,/shop/cam-nang/chu-de/dl-diem-den-noi-tieng.html,1.0.0
KN-0345,KINH_NGHIEM,KN_TINH_HUONG_DOI_SONG,/shop/cam-nang/chu-de/kn-tinh-huong-doi-song.html,1.0.0
XM-0345,XE_MAY,XM_KIEM_TRA_KY_THUAT,/shop/cam-nang/chu-de/xm-kiem-tra-ky-thuat.html,1.0.0
DL-0345,DU_LICH,DL_DIEM_DEN_NOI_TIENG,/shop/cam-nang/chu-de/dl-diem-den-noi-tieng.html,1.0.0
KN-0346,KINH_NGHIEM,KN_TINH_HUONG_DOI_SONG,/shop/cam-nang/chu-de/kn-tinh-huong-doi-song.html,1.0.0
XM-0346,XE_MAY,XM_KIEM_TRA_KY_THUAT,/shop/cam-nang/chu-de/xm-kiem-tra-ky-thuat.html,1.0.0
DL-0346,DU_LICH,DL_DIEM_DEN_NOI_TIENG,/shop/cam-nang/chu-de/dl-diem-den-noi-tieng.html,1.0.0
KN-0347,KINH_NGHIEM,KN_TINH_HUONG_DOI_SONG,/shop/cam-nang/chu-de/kn-tinh-huong-doi-song.html,1.0.0
XM-0347,XE_MAY,XM_KIEM_TRA_KY_THUAT,/shop/cam-nang/chu-de/xm-kiem-tra-ky-thuat.html,1.0.0
DL-0347,DU_LICH,DL_DIEM_DEN_NOI_TIENG,/shop/cam-nang/chu-de/dl-diem-den-noi-tieng.html,1.0.0
KN-0348,KINH_NGHIEM,KN_TINH_HUONG_DOI_SONG,/shop/cam-nang/chu-de/kn-tinh-huong-doi-song.html,1.0.0
XM-0348,XE_MAY,XM_KIEM_TRA_KY_THUAT,/shop/cam-nang/chu-de/xm-kiem-tra-ky-thuat.html,1.0.0
DL-0348,DU_LICH,DL_DIEM_DEN_NOI_TIENG,/shop/cam-nang/chu-de/dl-diem-den-noi-tieng.html,1.0.0
KN-0349,KINH_NGHIEM,KN_DUONG_PHO_LON,/shop/cam-nang/chu-de/kn-duong-pho-lon.html,1.0.0
XM-0349,XE_MAY,XM_KIEM_TRA_KY_THUAT,/shop/cam-nang/chu-de/xm-kiem-tra-ky-thuat.html,1.0.0
DL-0349,DU_LICH,DL_DIEM_DEN_NOI_TIENG,/shop/cam-nang/chu-de/dl-diem-den-noi-tieng.html,1.0.0
KN-0350,KINH_NGHIEM,KN_TINH_HUONG_DOI_SONG,/shop/cam-nang/chu-de/kn-tinh-huong-doi-song.html,1.0.0
XM-0350,XE_MAY,XM_KIEM_TRA_KY_THUAT,/shop/cam-nang/chu-de/xm-kiem-tra-ky-thuat.html,1.0.0
DL-0350,DU_LICH,DL_DIEM_DEN_NOI_TIENG,/shop/cam-nang/chu-de/dl-diem-den-noi-tieng.html,1.0.0
DL-0351,DU_LICH,DL_DIEM_DEN_NOI_TIENG,/shop/cam-nang/chu-de/dl-diem-den-noi-tieng.html,1.0.0
DL-0352,DU_LICH,DL_DIEM_DEN_NOI_TIENG,/shop/cam-nang/chu-de/dl-diem-den-noi-tieng.html,1.0.0
DL-0353,DU_LICH,DL_DIEM_DEN_NOI_TIENG,/shop/cam-nang/chu-de/dl-diem-den-noi-tieng.html,1.0.0
DL-0354,DU_LICH,DL_DIEM_DEN_NOI_TIENG,/shop/cam-nang/chu-de/dl-diem-den-noi-tieng.html,1.0.0
DL-0355,DU_LICH,DL_DIEM_DEN_NOI_TIENG,/shop/cam-nang/chu-de/dl-diem-den-noi-tieng.html,1.0.0
DL-0356,DU_LICH,DL_DIEM_DEN_NOI_TIENG,/shop/cam-nang/chu-de/dl-diem-den-noi-tieng.html,1.0.0
DL-0357,DU_LICH,DL_DIEM_DEN_NOI_TIENG,/shop/cam-nang/chu-de/dl-diem-den-noi-tieng.html,1.0.0
DL-0358,DU_LICH,DL_DIEM_DEN_NOI_TIENG,/shop/cam-nang/chu-de/dl-diem-den-noi-tieng.html,1.0.0
DL-0359,DU_LICH,DL_DIEM_DEN_NOI_TIENG,/shop/cam-nang/chu-de/dl-diem-den-noi-tieng.html,1.0.0
DL-0360,DU_LICH,DL_DIEM_DEN_NOI_TIENG,/shop/cam-nang/chu-de/dl-diem-den-noi-tieng.html,1.0.0
DL-0361,DU_LICH,DL_DIEM_DEN_NOI_TIENG,/shop/cam-nang/chu-de/dl-diem-den-noi-tieng.html,1.0.0
DL-0362,DU_LICH,DL_DIEM_DEN_NOI_TIENG,/shop/cam-nang/chu-de/dl-diem-den-noi-tieng.html,1.0.0
DL-0363,DU_LICH,DL_DIEM_DEN_NOI_TIENG,/shop/cam-nang/chu-de/dl-diem-den-noi-tieng.html,1.0.0
DL-0364,DU_LICH,DL_DIEM_DEN_NOI_TIENG,/shop/cam-nang/chu-de/dl-diem-den-noi-tieng.html,1.0.0
DL-0365,DU_LICH,DL_DIEM_DEN_NOI_TIENG,/shop/cam-nang/chu-de/dl-diem-den-noi-tieng.html,1.0.0
DL-0366,DU_LICH,DL_DIEM_DEN_NOI_TIENG,/shop/cam-nang/chu-de/dl-diem-den-noi-tieng.html,1.0.0
DL-0367,DU_LICH,DL_DIEM_DEN_NOI_TIENG,/shop/cam-nang/chu-de/dl-diem-den-noi-tieng.html,1.0.0
DL-0368,DU_LICH,DL_DIEM_DEN_NOI_TIENG,/shop/cam-nang/chu-de/dl-diem-den-noi-tieng.html,1.0.0
DL-0369,DU_LICH,DL_DIEM_DEN_NOI_TIENG,/shop/cam-nang/chu-de/dl-diem-den-noi-tieng.html,1.0.0
DL-0370,DU_LICH,DL_DIEM_DEN_NOI_TIENG,/shop/cam-nang/chu-de/dl-diem-den-noi-tieng.html,1.0.0
DL-0371,DU_LICH,DL_DIEM_DEN_NOI_TIENG,/shop/cam-nang/chu-de/dl-diem-den-noi-tieng.html,1.0.0
DL-0372,DU_LICH,DL_DIEM_DEN_NOI_TIENG,/shop/cam-nang/chu-de/dl-diem-den-noi-tieng.html,1.0.0
DL-0373,DU_LICH,DL_DIEM_DEN_NOI_TIENG,/shop/cam-nang/chu-de/dl-diem-den-noi-tieng.html,1.0.0
DL-0374,DU_LICH,DL_DIEM_DEN_NOI_TIENG,/shop/cam-nang/chu-de/dl-diem-den-noi-tieng.html,1.0.0
DL-0375,DU_LICH,DL_DIEM_DEN_NOI_TIENG,/shop/cam-nang/chu-de/dl-diem-den-noi-tieng.html,1.0.0
DL-0376,DU_LICH,DL_DIEM_DEN_NOI_TIENG,/shop/cam-nang/chu-de/dl-diem-den-noi-tieng.html,1.0.0
DL-0377,DU_LICH,DL_DIEM_DEN_NOI_TIENG,/shop/cam-nang/chu-de/dl-diem-den-noi-tieng.html,1.0.0
DL-0378,DU_LICH,DL_DIEM_DEN_NOI_TIENG,/shop/cam-nang/chu-de/dl-diem-den-noi-tieng.html,1.0.0
DL-0379,DU_LICH,DL_DIEM_DEN_NOI_TIENG,/shop/cam-nang/chu-de/dl-diem-den-noi-tieng.html,1.0.0
DL-0380,DU_LICH,DL_DIEM_DEN_NOI_TIENG,/shop/cam-nang/chu-de/dl-diem-den-noi-tieng.html,1.0.0
DL-0381,DU_LICH,DL_DIEM_DEN_NOI_TIENG,/shop/cam-nang/chu-de/dl-diem-den-noi-tieng.html,1.0.0
DL-0382,DU_LICH,DL_DIEM_DEN_NOI_TIENG,/shop/cam-nang/chu-de/dl-diem-den-noi-tieng.html,1.0.0
DL-0383,DU_LICH,DL_DIEM_DEN_NOI_TIENG,/shop/cam-nang/chu-de/dl-diem-den-noi-tieng.html,1.0.0
DL-0384,DU_LICH,DL_DIEM_DEN_NOI_TIENG,/shop/cam-nang/chu-de/dl-diem-den-noi-tieng.html,1.0.0
DL-0385,DU_LICH,DL_DIEM_DEN_NOI_TIENG,/shop/cam-nang/chu-de/dl-diem-den-noi-tieng.html,1.0.0
DL-0386,DU_LICH,DL_DIEM_DEN_NOI_TIENG,/shop/cam-nang/chu-de/dl-diem-den-noi-tieng.html,1.0.0
DL-0387,DU_LICH,DL_DIEM_DEN_NOI_TIENG,/shop/cam-nang/chu-de/dl-diem-den-noi-tieng.html,1.0.0
DL-0388,DU_LICH,DL_DIEM_DEN_NOI_TIENG,/shop/cam-nang/chu-de/dl-diem-den-noi-tieng.html,1.0.0
DL-0389,DU_LICH,DL_DIEM_DEN_NOI_TIENG,/shop/cam-nang/chu-de/dl-diem-den-noi-tieng.html,1.0.0
DL-0390,DU_LICH,DL_DIEM_DEN_NOI_TIENG,/shop/cam-nang/chu-de/dl-diem-den-noi-tieng.html,1.0.0
DL-0391,DU_LICH,DL_DIEM_DEN_NOI_TIENG,/shop/cam-nang/chu-de/dl-diem-den-noi-tieng.html,1.0.0
DL-0392,DU_LICH,DL_DIEM_DEN_NOI_TIENG,/shop/cam-nang/chu-de/dl-diem-den-noi-tieng.html,1.0.0
DL-0393,DU_LICH,DL_DIEM_DEN_NOI_TIENG,/shop/cam-nang/chu-de/dl-diem-den-noi-tieng.html,1.0.0
DL-0394,DU_LICH,DL_DIEM_DEN_NOI_TIENG,/shop/cam-nang/chu-de/dl-diem-den-noi-tieng.html,1.0.0
DL-0395,DU_LICH,DL_DIEM_DEN_NOI_TIENG,/shop/cam-nang/chu-de/dl-diem-den-noi-tieng.html,1.0.0
DL-0396,DU_LICH,DL_DIEM_DEN_NOI_TIENG,/shop/cam-nang/chu-de/dl-diem-den-noi-tieng.html,1.0.0
DL-0397,DU_LICH,DL_DIEM_DEN_NOI_TIENG,/shop/cam-nang/chu-de/dl-diem-den-noi-tieng.html,1.0.0
DL-0398,DU_LICH,DL_DIEM_DEN_NOI_TIENG,/shop/cam-nang/chu-de/dl-diem-den-noi-tieng.html,1.0.0
DL-0399,DU_LICH,DL_DIEM_DEN_NOI_TIENG,/shop/cam-nang/chu-de/dl-diem-den-noi-tieng.html,1.0.0
DL-0400,DU_LICH,DL_DIEM_DEN_NOI_TIENG,/shop/cam-nang/chu-de/dl-diem-den-noi-tieng.html,1.0.0
